Date,CO2 en ppm,,,
0,277.45,,,
1,277.14,,,
2,277.16,,,
3,277.16,,,
4,277.16,,,
5,277.17,,,
6,277.17,,,
7,277.17,,,
8,277.18,,,
9,277.18,,,
10,277.18,,,
11,277.19,,,
12,277.2,,,
13,277.2,,,
14,277.2,,,
15,277.21,,,
16,277.22,,,
17,277.22,,,
18,277.23,,,
19,277.23,,,
20,277.23,,,
21,277.23,,,
22,277.24,,,
23,277.25,,,
24,277.25,,,
25,277.26,,,
26,277.26,,,
27,277.28,,,
28,277.28,,,
29,277.28,,,
30,277.28,,,
31,277.29,,,
32,277.29,,,
33,277.29,,,
34,277.3,,,
35,277.3,,,
36,277.31,,,
37,277.31,,,
38,277.32,,,
39,277.32,,,
40,277.33,,,
41,277.33,,,
42,277.33,,,
43,277.34,,,
44,277.34,,,
45,277.34,,,
46,277.35,,,
47,277.35,,,
48,277.35,,,
49,277.36,,,
50,277.36,,,
51,277.36,,,
52,277.37,,,
53,277.37,,,
54,277.38,,,
55,277.38,,,
56,277.39,,,
57,277.39,,,
58,277.39,,,
59,277.4,,,
60,277.4,,,
61,277.4,,,
62,277.41,,,
63,277.41,,,
64,277.42,,,
65,277.42,,,
66,277.43,,,
67,277.43,,,
68,277.43,,,
69,277.44,,,
70,277.44,,,
71,277.44,,,
72,277.44,,,
73,277.45,,,
74,277.45,,,
75,277.46,,,
76,277.46,,,
77,277.46,,,
78,277.46,,,
79,277.47,,,
80,277.48,,,
81,277.48,,,
82,277.49,,,
83,277.49,,,
84,277.5,,,
85,277.51,,,
86,277.51,,,
87,277.52,,,
88,277.52,,,
89,277.53,,,
90,277.54,,,
91,277.54,,,
92,277.55,,,
93,277.56,,,
94,277.57,,,
95,277.57,,,
96,277.58,,,
97,277.58,,,
98,277.6,,,
99,277.61,,,
100,277.62,,,
101,277.62,,,
102,277.63,,,
103,277.63,,,
104,277.64,,,
105,277.65,,,
106,277.64,,,
107,277.65,,,
108,277.66,,,
109,277.66,,,
110,277.66,,,
111,277.67,,,
112,277.68,,,
113,277.69,,,
114,277.7,,,
115,277.71,,,
116,277.72,,,
117,277.72,,,
118,277.72,,,
119,277.73,,,
120,277.73,,,
121,277.74,,,
122,277.74,,,
123,277.75,,,
124,277.75,,,
125,277.76,,,
126,277.76,,,
127,277.77,,,
128,277.77,,,
129,277.77,,,
130,277.77,,,
131,277.78,,,
132,277.79,,,
133,277.79,,,
134,277.79,,,
135,277.8,,,
136,277.81,,,
137,277.81,,,
138,277.82,,,
139,277.83,,,
140,277.83,,,
141,277.84,,,
142,277.85,,,
143,277.86,,,
144,277.86,,,
145,277.87,,,
146,277.88,,,
147,277.88,,,
148,277.89,,,
149,277.9,,,
150,277.91,,,
151,277.92,,,
152,277.92,,,
153,277.93,,,
154,277.95,,,
155,277.96,,,
156,277.98,,,
157,277.98,,,
158,278,,,
159,278.01,,,
160,278.03,,,
161,278.04,,,
162,278.06,,,
163,278.07,,,
164,278.09,,,
165,278.11,,,
166,278.12,,,
167,278.14,,,
168,278.16,,,
169,278.17,,,
170,278.19,,,
171,278.21,,,
172,278.23,,,
173,278.26,,,
174,278.28,,,
175,278.3,,,
176,278.32,,,
177,278.34,,,
178,278.36,,,
179,278.38,,,
180,278.4,,,
181,278.42,,,
182,278.43,,,
183,278.46,,,
184,278.48,,,
185,278.51,,,
186,278.52,,,
187,278.54,,,
188,278.56,,,
189,278.58,,,
190,278.6,,,
191,278.64,,,
192,278.66,,,
193,278.68,,,
194,278.71,,,
195,278.74,,,
196,278.77,,,
197,278.79,,,
198,278.82,,,
199,278.85,,,
200,278.88,,,
201,278.9,,,
202,278.94,,,
203,278.96,,,
204,278.99,,,
205,279.02,,,
206,279.05,,,
207,279.09,,,
208,279.11,,,
209,279.14,,,
210,279.16,,,
211,279.19,,,
212,279.21,,,
213,279.24,,,
214,279.26,,,
215,279.28,,,
216,279.31,,,
217,279.33,,,
218,279.35,,,
219,279.38,,,
220,279.4,,,
221,279.43,,,
222,279.45,,,
223,279.47,,,
224,279.5,,,
225,279.52,,,
226,279.53,,,
227,279.55,,,
228,279.58,,,
229,279.6,,,
230,279.63,,,
231,279.65,,,
232,279.67,,,
233,279.69,,,
234,279.72,,,
235,279.74,,,
236,279.75,,,
237,279.77,,,
238,279.79,,,
239,279.81,,,
240,279.83,,,
241,279.84,,,
242,279.85,,,
243,279.86,,,
244,279.86,,,
245,279.88,,,
246,279.89,,,
247,279.91,,,
248,279.92,,,
249,279.93,,,
250,279.95,,,
251,279.97,,,
252,279.99,,,
253,279.99,,,
254,280,,,
255,280.01,,,
256,280.01,,,
257,280.03,,,
258,280.04,,,
259,280.05,,,
260,280.06,,,
261,280.06,,,
262,280.07,,,
263,280.07,,,
264,280.08,,,
265,280.09,,,
266,280.1,,,
267,280.11,,,
268,280.12,,,
269,280.12,,,
270,280.14,,,
271,280.15,,,
272,280.16,,,
273,280.17,,,
274,280.18,,,
275,280.19,,,
276,280.2,,,
277,280.21,,,
278,280.2,,,
279,280.22,,,
280,280.21,,,
281,280.22,,,
282,280.23,,,
283,280.23,,,
284,280.23,,,
285,280.24,,,
286,280.25,,,
287,280.24,,,
288,280.24,,,
289,280.24,,,
290,280.24,,,
291,280.24,,,
292,280.24,,,
293,280.23,,,
294,280.24,,,
295,280.24,,,
296,280.24,,,
297,280.23,,,
298,280.21,,,
299,280.21,,,
300,280.21,,,
301,280.21,,,
302,280.21,,,
303,280.21,,,
304,280.21,,,
305,280.21,,,
306,280.2,,,
307,280.2,,,
308,280.2,,,
309,280.2,,,
310,280.19,,,
311,280.19,,,
312,280.19,,,
313,280.17,,,
314,280.17,,,
315,280.16,,,
316,280.16,,,
317,280.15,,,
318,280.14,,,
319,280.13,,,
320,280.13,,,
321,280.12,,,
322,280.11,,,
323,280.1,,,
324,280.09,,,
325,280.08,,,
326,280.09,,,
327,280.09,,,
328,280.08,,,
329,280.07,,,
330,280.06,,,
331,280.05,,,
332,280.04,,,
333,280.03,,,
334,280.01,,,
335,279.99,,,
336,279.98,,,
337,279.97,,,
338,279.95,,,
339,279.93,,,
340,279.92,,,
341,279.89,,,
342,279.88,,,
343,279.85,,,
344,279.83,,,
345,279.83,,,
346,279.81,,,
347,279.81,,,
348,279.79,,,
349,279.78,,,
350,279.76,,,
351,279.75,,,
352,279.73,,,
353,279.73,,,
354,279.72,,,
355,279.7,,,
356,279.67,,,
357,279.64,,,
358,279.61,,,
359,279.59,,,
360,279.56,,,
361,279.53,,,
362,279.5,,,
363,279.47,,,
364,279.44,,,
365,279.42,,,
366,279.4,,,
367,279.37,,,
368,279.35,,,
369,279.33,,,
370,279.31,,,
371,279.28,,,
372,279.25,,,
373,279.22,,,
374,279.22,,,
375,279.21,,,
376,279.19,,,
377,279.18,,,
378,279.17,,,
379,279.14,,,
380,279.14,,,
381,279.11,,,
382,279.11,,,
383,279.1,,,
384,279.09,,,
385,279.07,,,
386,279.06,,,
387,279.04,,,
388,279.02,,,
389,279.02,,,
390,279.01,,,
391,278.99,,,
392,278.98,,,
393,278.97,,,
394,278.96,,,
395,278.94,,,
396,278.94,,,
397,278.91,,,
398,278.88,,,
399,278.88,,,
400,278.86,,,
401,278.85,,,
402,278.83,,,
403,278.83,,,
404,278.84,,,
405,278.84,,,
406,278.84,,,
407,278.84,,,
408,278.84,,,
409,278.83,,,
410,278.82,,,
411,278.81,,,
412,278.82,,,
413,278.8,,,
414,278.79,,,
415,278.78,,,
416,278.76,,,
417,278.75,,,
418,278.72,,,
419,278.7,,,
420,278.69,,,
421,278.67,,,
422,278.66,,,
423,278.64,,,
424,278.63,,,
425,278.61,,,
426,278.59,,,
427,278.57,,,
428,278.56,,,
429,278.54,,,
430,278.52,,,
431,278.5,,,
432,278.47,,,
433,278.46,,,
434,278.43,,,
435,278.4,,,
436,278.37,,,
437,278.35,,,
438,278.31,,,
439,278.29,,,
440,278.27,,,
441,278.25,,,
442,278.23,,,
443,278.23,,,
444,278.22,,,
445,278.19,,,
446,278.18,,,
447,278.15,,,
448,278.14,,,
449,278.12,,,
450,278.1,,,
451,278.08,,,
452,278.05,,,
453,278.03,,,
454,278.01,,,
455,277.99,,,
456,277.97,,,
457,277.95,,,
458,277.93,,,
459,277.9,,,
460,277.88,,,
461,277.87,,,
462,277.85,,,
463,277.82,,,
464,277.8,,,
465,277.78,,,
466,277.76,,,
467,277.74,,,
468,277.71,,,
469,277.69,,,
470,277.67,,,
471,277.64,,,
472,277.63,,,
473,277.61,,,
474,277.59,,,
475,277.56,,,
476,277.53,,,
477,277.52,,,
478,277.5,,,
479,277.49,,,
480,277.48,,,
481,277.46,,,
482,277.46,,,
483,277.45,,,
484,277.44,,,
485,277.43,,,
486,277.4,,,
487,277.38,,,
488,277.37,,,
489,277.35,,,
490,277.35,,,
491,277.33,,,
492,277.31,,,
493,277.3,,,
494,277.28,,,
495,277.26,,,
496,277.26,,,
497,277.24,,,
498,277.24,,,
499,277.22,,,
500,277.21,,,
501,277.19,,,
502,277.19,,,
503,277.17,,,
504,277.16,,,
505,277.14,,,
506,277.14,,,
507,277.12,,,
508,277.12,,,
509,277.11,,,
510,277.1,,,
511,277.08,,,
512,277.07,,,
513,277.06,,,
514,277.05,,,
515,277.05,,,
516,277.04,,,
517,277.03,,,
518,277.03,,,
519,277.02,,,
520,277.02,,,
521,277.01,,,
522,277.01,,,
523,277,,,
524,277.01,,,
525,277.01,,,
526,277.02,,,
527,277.02,,,
528,277.01,,,
529,277.01,,,
530,277.01,,,
531,277.01,,,
532,277.04,,,
533,277.05,,,
534,277.05,,,
535,277.06,,,
536,277.06,,,
537,277.06,,,
538,277.06,,,
539,277.06,,,
540,277.07,,,
541,277.07,,,
542,277.08,,,
543,277.09,,,
544,277.09,,,
545,277.1,,,
546,277.11,,,
547,277.11,,,
548,277.11,,,
549,277.13,,,
550,277.14,,,
551,277.13,,,
552,277.12,,,
553,277.11,,,
554,277.13,,,
555,277.13,,,
556,277.12,,,
557,277.12,,,
558,277.13,,,
559,277.13,,,
560,277.13,,,
561,277.15,,,
562,277.14,,,
563,277.14,,,
564,277.14,,,
565,277.15,,,
566,277.15,,,
567,277.15,,,
568,277.15,,,
569,277.15,,,
570,277.15,,,
571,277.16,,,
572,277.16,,,
573,277.16,,,
574,277.17,,,
575,277.17,,,
576,277.18,,,
577,277.18,,,
578,277.19,,,
579,277.19,,,
580,277.2,,,
581,277.21,,,
582,277.23,,,
583,277.24,,,
584,277.26,,,
585,277.28,,,
586,277.29,,,
587,277.3,,,
588,277.32,,,
589,277.34,,,
590,277.35,,,
591,277.37,,,
592,277.38,,,
593,277.4,,,
594,277.43,,,
595,277.43,,,
596,277.44,,,
597,277.45,,,
598,277.47,,,
599,277.49,,,
600,277.51,,,
601,277.51,,,
602,277.53,,,
603,277.55,,,
604,277.58,,,
605,277.59,,,
606,277.61,,,
607,277.62,,,
608,277.64,,,
609,277.66,,,
610,277.67,,,
611,277.69,,,
612,277.7,,,
613,277.72,,,
614,277.74,,,
615,277.77,,,
616,277.79,,,
617,277.81,,,
618,277.83,,,
619,277.85,,,
620,277.87,,,
621,277.89,,,
622,277.91,,,
623,277.93,,,
624,277.96,,,
625,277.97,,,
626,277.98,,,
627,278.01,,,
628,278.03,,,
629,278.05,,,
630,278.07,,,
631,278.09,,,
632,278.11,,,
633,278.12,,,
634,278.15,,,
635,278.16,,,
636,278.17,,,
637,278.19,,,
638,278.19,,,
639,278.2,,,
640,278.22,,,
641,278.24,,,
642,278.25,,,
643,278.27,,,
644,278.28,,,
645,278.3,,,
646,278.31,,,
647,278.32,,,
648,278.33,,,
649,278.35,,,
650,278.36,,,
651,278.38,,,
652,278.39,,,
653,278.4,,,
654,278.41,,,
655,278.43,,,
656,278.44,,,
657,278.45,,,
658,278.46,,,
659,278.46,,,
660,278.48,,,
661,278.49,,,
662,278.5,,,
663,278.51,,,
664,278.53,,,
665,278.53,,,
666,278.54,,,
667,278.56,,,
668,278.57,,,
669,278.58,,,
670,278.59,,,
671,278.6,,,
672,278.6,,,
673,278.61,,,
674,278.63,,,
675,278.64,,,
676,278.64,,,
677,278.65,,,
678,278.66,,,
679,278.67,,,
680,278.67,,,
681,278.68,,,
682,278.69,,,
683,278.7,,,
684,278.72,,,
685,278.73,,,
686,278.74,,,
687,278.74,,,
688,278.76,,,
689,278.77,,,
690,278.78,,,
691,278.8,,,
692,278.8,,,
693,278.81,,,
694,278.81,,,
695,278.82,,,
696,278.83,,,
697,278.83,,,
698,278.84,,,
699,278.85,,,
700,278.86,,,
701,278.87,,,
702,278.88,,,
703,278.89,,,
704,278.9,,,
705,278.9,,,
706,278.91,,,
707,278.92,,,
708,278.93,,,
709,278.94,,,
710,278.95,,,
711,278.96,,,
712,278.96,,,
713,278.97,,,
714,278.98,,,
715,278.99,,,
716,279,,,
717,279,,,
718,279.01,,,
719,279.01,,,
720,279.03,,,
721,279.03,,,
722,279.04,,,
723,279.04,,,
724,279.05,,,
725,279.05,,,
726,279.06,,,
727,279.06,,,
728,279.07,,,
729,279.07,,,
730,279.08,,,
731,279.09,,,
732,279.1,,,
733,279.11,,,
734,279.12,,,
735,279.12,,,
736,279.12,,,
737,279.12,,,
738,279.13,,,
739,279.13,,,
740,279.14,,,
741,279.14,,,
742,279.15,,,
743,279.15,,,
744,279.16,,,
745,279.17,,,
746,279.18,,,
747,279.19,,,
748,279.2,,,
749,279.21,,,
750,279.21,,,
751,279.21,,,
752,279.23,,,
753,279.23,,,
754,279.23,,,
755,279.25,,,
756,279.26,,,
757,279.27,,,
758,279.27,,,
759,279.28,,,
760,279.29,,,
761,279.29,,,
762,279.3,,,
763,279.3,,,
764,279.3,,,
765,279.31,,,
766,279.31,,,
767,279.31,,,
768,279.32,,,
769,279.32,,,
770,279.32,,,
771,279.33,,,
772,279.33,,,
773,279.33,,,
774,279.32,,,
775,279.33,,,
776,279.33,,,
777,279.35,,,
778,279.35,,,
779,279.35,,,
780,279.34,,,
781,279.34,,,
782,279.34,,,
783,279.34,,,
784,279.34,,,
785,279.34,,,
786,279.34,,,
787,279.33,,,
788,279.33,,,
789,279.32,,,
790,279.32,,,
791,279.31,,,
792,279.31,,,
793,279.3,,,
794,279.29,,,
795,279.29,,,
796,279.29,,,
797,279.28,,,
798,279.28,,,
799,279.28,,,
800,279.27,,,
801,279.27,,,
802,279.27,,,
803,279.27,,,
804,279.28,,,
805,279.28,,,
806,279.28,,,
807,279.29,,,
808,279.29,,,
809,279.3,,,
810,279.3,,,
811,279.3,,,
812,279.3,,,
813,279.31,,,
814,279.31,,,
815,279.31,,,
816,279.31,,,
817,279.32,,,
818,279.32,,,
819,279.32,,,
820,279.32,,,
821,279.33,,,
822,279.33,,,
823,279.33,,,
824,279.32,,,
825,279.32,,,
826,279.32,,,
827,279.32,,,
828,279.32,,,
829,279.33,,,
830,279.33,,,
831,279.33,,,
832,279.32,,,
833,279.33,,,
834,279.32,,,
835,279.33,,,
836,279.32,,,
837,279.33,,,
838,279.33,,,
839,279.33,,,
840,279.33,,,
841,279.33,,,
842,279.34,,,
843,279.35,,,
844,279.35,,,
845,279.35,,,
846,279.35,,,
847,279.35,,,
848,279.35,,,
849,279.36,,,
850,279.35,,,
851,279.36,,,
852,279.35,,,
853,279.35,,,
854,279.35,,,
855,279.35,,,
856,279.35,,,
857,279.35,,,
858,279.35,,,
859,279.35,,,
860,279.35,,,
861,279.35,,,
862,279.35,,,
863,279.35,,,
864,279.35,,,
865,279.34,,,
866,279.33,,,
867,279.32,,,
868,279.31,,,
869,279.31,,,
870,279.31,,,
871,279.31,,,
872,279.3,,,
873,279.29,,,
874,279.28,,,
875,279.27,,,
876,279.26,,,
877,279.25,,,
878,279.24,,,
879,279.23,,,
880,279.22,,,
881,279.22,,,
882,279.2,,,
883,279.19,,,
884,279.19,,,
885,279.17,,,
886,279.16,,,
887,279.15,,,
888,279.15,,,
889,279.14,,,
890,279.13,,,
891,279.12,,,
892,279.11,,,
893,279.1,,,
894,279.09,,,
895,279.08,,,
896,279.07,,,
897,279.06,,,
898,279.05,,,
899,279.04,,,
900,279.02,,,
901,279.02,,,
902,279,,,
903,278.99,,,
904,278.99,,,
905,278.98,,,
906,278.96,,,
907,278.95,,,
908,278.94,,,
909,278.93,,,
910,278.92,,,
911,278.91,,,
912,278.9,,,
913,278.89,,,
914,278.88,,,
915,278.87,,,
916,278.87,,,
917,278.86,,,
918,278.85,,,
919,278.83,,,
920,278.82,,,
921,278.8,,,
922,278.79,,,
923,278.78,,,
924,278.77,,,
925,278.77,,,
926,278.75,,,
927,278.74,,,
928,278.74,,,
929,278.72,,,
930,278.71,,,
931,278.7,,,
932,278.7,,,
933,278.68,,,
934,278.68,,,
935,278.67,,,
936,278.66,,,
937,278.65,,,
938,278.64,,,
939,278.64,,,
940,278.63,,,
941,278.62,,,
942,278.62,,,
943,278.61,,,
944,278.62,,,
945,278.62,,,
946,278.63,,,
947,278.64,,,
948,278.64,,,
949,278.64,,,
950,278.65,,,
951,278.65,,,
952,278.66,,,
953,278.67,,,
954,278.7,,,
955,278.71,,,
956,278.72,,,
957,278.73,,,
958,278.74,,,
959,278.75,,,
960,278.76,,,
961,278.76,,,
962,278.78,,,
963,278.79,,,
964,278.8,,,
965,278.81,,,
966,278.82,,,
967,278.84,,,
968,278.85,,,
969,278.89,,,
970,278.91,,,
971,278.92,,,
972,278.95,,,
973,278.96,,,
974,278.96,,,
975,278.97,,,
976,278.98,,,
977,278.99,,,
978,279,,,
979,279.01,,,
980,279.01,,,
981,279.02,,,
982,279.04,,,
983,279.06,,,
984,279.07,,,
985,279.09,,,
986,279.12,,,
987,279.15,,,
988,279.17,,,
989,279.18,,,
990,279.2,,,
991,279.22,,,
992,279.24,,,
993,279.26,,,
994,279.28,,,
995,279.29,,,
996,279.31,,,
997,279.34,,,
998,279.36,,,
999,279.38,,,
1000,279.4,,,
1001,279.43,,,
1002,279.45,,,
1003,279.48,,,
1004,279.5,,,
1005,279.52,,,
1006,279.54,,,
1007,279.56,,,
1008,279.58,,,
1009,279.6,,,
1010,279.63,,,
1011,279.66,,,
1012,279.69,,,
1013,279.73,,,
1014,279.76,,,
1015,279.8,,,
1016,279.83,,,
1017,279.86,,,
1018,279.89,,,
1019,279.92,,,
1020,279.95,,,
1021,279.98,,,
1022,280.02,,,
1023,280.05,,,
1024,280.09,,,
1025,280.13,,,
1026,280.16,,,
1027,280.2,,,
1028,280.24,,,
1029,280.28,,,
1030,280.31,,,
1031,280.35,,,
1032,280.4,,,
1033,280.44,,,
1034,280.48,,,
1035,280.51,,,
1036,280.55,,,
1037,280.59,,,
1038,280.63,,,
1039,280.67,,,
1040,280.71,,,
1041,280.75,,,
1042,280.79,,,
1043,280.84,,,
1044,280.88,,,
1045,280.91,,,
1046,280.96,,,
1047,280.99,,,
1048,281.03,,,
1049,281.08,,,
1050,281.13,,,
1051,281.17,,,
1052,281.22,,,
1053,281.27,,,
1054,281.33,,,
1055,281.37,,,
1056,281.42,,,
1057,281.46,,,
1058,281.51,,,
1059,281.56,,,
1060,281.6,,,
1061,281.64,,,
1062,281.69,,,
1063,281.73,,,
1064,281.77,,,
1065,281.8,,,
1066,281.84,,,
1067,281.87,,,
1068,281.91,,,
1069,281.95,,,
1070,281.98,,,
1071,282.02,,,
1072,282.06,,,
1073,282.1,,,
1074,282.13,,,
1075,282.17,,,
1076,282.21,,,
1077,282.25,,,
1078,282.28,,,
1079,282.31,,,
1080,282.35,,,
1081,282.38,,,
1082,282.42,,,
1083,282.45,,,
1084,282.48,,,
1085,282.51,,,
1086,282.55,,,
1087,282.58,,,
1088,282.61,,,
1089,282.65,,,
1090,282.68,,,
1091,282.71,,,
1092,282.74,,,
1093,282.77,,,
1094,282.8,,,
1095,282.83,,,
1096,282.86,,,
1097,282.88,,,
1098,282.92,,,
1099,282.95,,,
1100,282.97,,,
1101,283,,,
1102,283.02,,,
1103,283.05,,,
1104,283.08,,,
1105,283.11,,,
1106,283.14,,,
1107,283.17,,,
1108,283.19,,,
1109,283.21,,,
1110,283.23,,,
1111,283.25,,,
1112,283.28,,,
1113,283.31,,,
1114,283.33,,,
1115,283.36,,,
1116,283.38,,,
1117,283.4,,,
1118,283.42,,,
1119,283.45,,,
1120,283.47,,,
1121,283.49,,,
1122,283.52,,,
1123,283.54,,,
1124,283.57,,,
1125,283.59,,,
1126,283.61,,,
1127,283.63,,,
1128,283.66,,,
1129,283.68,,,
1130,283.7,,,
1131,283.72,,,
1132,283.74,,,
1133,283.76,,,
1134,283.78,,,
1135,283.8,,,
1136,283.81,,,
1137,283.84,,,
1138,283.85,,,
1139,283.88,,,
1140,283.89,,,
1141,283.91,,,
1142,283.93,,,
1143,283.95,,,
1144,283.96,,,
1145,283.98,,,
1146,284,,,
1147,284.01,,,
1148,284.03,,,
1149,284.05,,,
1150,284.06,,,
1151,284.07,,,
1152,284.1,,,
1153,284.11,,,
1154,284.13,,,
1155,284.13,,,
1156,284.14,,,
1157,284.15,,,
1158,284.16,,,
1159,284.17,,,
1160,284.16,,,
1161,284.16,,,
1162,284.17,,,
1163,284.17,,,
1164,284.17,,,
1165,284.17,,,
1166,284.17,,,
1167,284.16,,,
1168,284.17,,,
1169,284.17,,,
1170,284.17,,,
1171,284.16,,,
1172,284.16,,,
1173,284.16,,,
1174,284.16,,,
1175,284.17,,,
1176,284.17,,,
1177,284.16,,,
1178,284.16,,,
1179,284.16,,,
1180,284.16,,,
1181,284.15,,,
1182,284.15,,,
1183,284.13,,,
1184,284.1,,,
1185,284.07,,,
1186,284.06,,,
1187,284.05,,,
1188,284.02,,,
1189,284,,,
1190,283.97,,,
1191,283.94,,,
1192,283.92,,,
1193,283.9,,,
1194,283.88,,,
1195,283.85,,,
1196,283.82,,,
1197,283.8,,,
1198,283.77,,,
1199,283.74,,,
1200,283.73,,,
1201,283.7,,,
1202,283.68,,,
1203,283.66,,,
1204,283.65,,,
1205,283.63,,,
1206,283.61,,,
1207,283.59,,,
1208,283.57,,,
1209,283.55,,,
1210,283.52,,,
1211,283.5,,,
1212,283.47,,,
1213,283.45,,,
1214,283.42,,,
1215,283.4,,,
1216,283.37,,,
1217,283.34,,,
1218,283.31,,,
1219,283.28,,,
1220,283.26,,,
1221,283.23,,,
1222,283.2,,,
1223,283.18,,,
1224,283.15,,,
1225,283.13,,,
1226,283.11,,,
1227,283.09,,,
1228,283.06,,,
1229,283.03,,,
1230,283.01,,,
1231,283,,,
1232,282.98,,,
1233,282.95,,,
1234,282.93,,,
1235,282.91,,,
1236,282.89,,,
1237,282.86,,,
1238,282.84,,,
1239,282.82,,,
1240,282.79,,,
1241,282.76,,,
1242,282.72,,,
1243,282.7,,,
1244,282.67,,,
1245,282.64,,,
1246,282.61,,,
1247,282.58,,,
1248,282.55,,,
1249,282.52,,,
1250,282.48,,,
1251,282.45,,,
1252,282.42,,,
1253,282.39,,,
1254,282.36,,,
1255,282.33,,,
1256,282.3,,,
1257,282.27,,,
1258,282.23,,,
1259,282.2,,,
1260,282.17,,,
1261,282.14,,,
1262,282.11,,,
1263,282.09,,,
1264,282.06,,,
1265,282.03,,,
1266,282,,,
1267,281.98,,,
1268,281.97,,,
1269,281.94,,,
1270,281.93,,,
1271,281.91,,,
1272,281.89,,,
1273,281.87,,,
1274,281.86,,,
1275,281.84,,,
1276,281.84,,,
1277,281.82,,,
1278,281.8,,,
1279,281.79,,,
1280,281.78,,,
1281,281.77,,,
1282,281.76,,,
1283,281.75,,,
1284,281.72,,,
1285,281.71,,,
1286,281.7,,,
1287,281.69,,,
1288,281.67,,,
1289,281.66,,,
1290,281.64,,,
1291,281.62,,,
1292,281.61,,,
1293,281.6,,,
1294,281.59,,,
1295,281.58,,,
1296,281.58,,,
1297,281.56,,,
1298,281.56,,,
1299,281.55,,,
1300,281.54,,,
1301,281.54,,,
1302,281.53,,,
1303,281.52,,,
1304,281.52,,,
1305,281.51,,,
1306,281.5,,,
1307,281.49,,,
1308,281.49,,,
1309,281.48,,,
1310,281.47,,,
1311,281.45,,,
1312,281.44,,,
1313,281.42,,,
1314,281.39,,,
1315,281.38,,,
1316,281.36,,,
1317,281.33,,,
1318,281.29,,,
1319,281.28,,,
1320,281.26,,,
1321,281.24,,,
1322,281.23,,,
1323,281.22,,,
1324,281.21,,,
1325,281.2,,,
1326,281.2,,,
1327,281.18,,,
1328,281.17,,,
1329,281.17,,,
1330,281.16,,,
1331,281.16,,,
1332,281.16,,,
1333,281.17,,,
1334,281.16,,,
1335,281.17,,,
1336,281.17,,,
1337,281.16,,,
1338,281.16,,,
1339,281.16,,,
1340,281.14,,,
1341,281.12,,,
1342,281.09,,,
1343,281.06,,,
1344,281.05,,,
1345,281.03,,,
1346,281.02,,,
1347,281.01,,,
1348,281.01,,,
1349,281,,,
1350,280.99,,,
1351,280.99,,,
1352,280.99,,,
1353,280.99,,,
1354,280.98,,,
1355,280.98,,,
1356,280.97,,,
1357,280.96,,,
1358,280.95,,,
1359,280.93,,,
1360,280.92,,,
1361,280.91,,,
1362,280.9,,,
1363,280.88,,,
1364,280.86,,,
1365,280.83,,,
1366,280.82,,,
1367,280.81,,,
1368,280.8,,,
1369,280.78,,,
1370,280.76,,,
1371,280.75,,,
1372,280.73,,,
1373,280.72,,,
1374,280.71,,,
1375,280.69,,,
1376,280.68,,,
1377,280.67,,,
1378,280.66,,,
1379,280.65,,,
1380,280.64,,,
1381,280.63,,,
1382,280.64,,,
1383,280.64,,,
1384,280.63,,,
1385,280.63,,,
1386,280.63,,,
1387,280.63,,,
1388,280.61,,,
1389,280.6,,,
1390,280.61,,,
1391,280.6,,,
1392,280.59,,,
1393,280.57,,,
1394,280.55,,,
1395,280.54,,,
1396,280.52,,,
1397,280.5,,,
1398,280.48,,,
1399,280.46,,,
1400,280.45,,,
1401,280.43,,,
1402,280.41,,,
1403,280.39,,,
1404,280.38,,,
1405,280.37,,,
1406,280.36,,,
1407,280.36,,,
1408,280.35,,,
1409,280.35,,,
1410,280.34,,,
1411,280.34,,,
1412,280.33,,,
1413,280.32,,,
1414,280.32,,,
1415,280.3,,,
1416,280.3,,,
1417,280.29,,,
1418,280.28,,,
1419,280.27,,,
1420,280.27,,,
1421,280.27,,,
1422,280.26,,,
1423,280.27,,,
1424,280.3,,,
1425,280.3,,,
1426,280.32,,,
1427,280.33,,,
1428,280.38,,,
1429,280.41,,,
1430,280.42,,,
1431,280.43,,,
1432,280.43,,,
1433,280.43,,,
1434,280.44,,,
1435,280.43,,,
1436,280.47,,,
1437,280.49,,,
1438,280.52,,,
1439,280.55,,,
1440,280.58,,,
1441,280.63,,,
1442,280.67,,,
1443,280.72,,,
1444,280.75,,,
1445,280.79,,,
1446,280.83,,,
1447,280.87,,,
1448,280.91,,,
1449,280.95,,,
1450,280.99,,,
1451,281.02,,,
1452,281.06,,,
1453,281.09,,,
1454,281.1,,,
1455,281.11,,,
1456,281.12,,,
1457,281.1,,,
1458,281.11,,,
1459,281.13,,,
1460,281.16,,,
1461,281.18,,,
1462,281.19,,,
1463,281.23,,,
1464,281.27,,,
1465,281.3,,,
1466,281.34,,,
1467,281.38,,,
1468,281.41,,,
1469,281.46,,,
1470,281.47,,,
1471,281.49,,,
1472,281.52,,,
1473,281.56,,,
1474,281.59,,,
1475,281.63,,,
1476,281.66,,,
1477,281.71,,,
1478,281.76,,,
1479,281.82,,,
1480,281.88,,,
1481,281.93,,,
1482,281.99,,,
1483,282.05,,,
1484,282.11,,,
1485,282.16,,,
1486,282.23,,,
1487,282.28,,,
1488,282.33,,,
1489,282.39,,,
1490,282.45,,,
1491,282.5,,,
1492,282.56,,,
1493,282.61,,,
1494,282.67,,,
1495,282.72,,,
1496,282.78,,,
1497,282.83,,,
1498,282.89,,,
1499,282.94,,,
1500,283,,,
1501,283.04,,,
1502,283.09,,,
1503,283.14,,,
1504,283.18,,,
1505,283.22,,,
1506,283.25,,,
1507,283.27,,,
1508,283.3,,,
1509,283.33,,,
1510,283.37,,,
1511,283.4,,,
1512,283.44,,,
1513,283.47,,,
1514,283.5,,,
1515,283.53,,,
1516,283.54,,,
1517,283.56,,,
1518,283.56,,,
1519,283.56,,,
1520,283.56,,,
1521,283.55,,,
1522,283.54,,,
1523,283.53,,,
1524,283.51,,,
1525,283.5,,,
1526,283.49,,,
1527,283.48,,,
1528,283.48,,,
1529,283.48,,,
1530,283.47,,,
1531,283.45,,,
1532,283.46,,,
1533,283.46,,,
1534,283.45,,,
1535,283.44,,,
1536,283.43,,,
1537,283.4,,,
1538,283.38,,,
1539,283.34,,,
1540,283.31,,,
1541,283.26,,,
1542,283.21,,,
1543,283.15,,,
1544,283.09,,,
1545,283.03,,,
1546,282.98,,,
1547,282.92,,,
1548,282.87,,,
1549,282.8,,,
1550,282.74,,,
1551,282.69,,,
1552,282.63,,,
1553,282.57,,,
1554,282.5,,,
1555,282.45,,,
1556,282.4,,,
1557,282.33,,,
1558,282.26,,,
1559,282.21,,,
1560,282.15,,,
1561,282.08,,,
1562,282.01,,,
1563,281.93,,,
1564,281.86,,,
1565,281.79,,,
1566,281.71,,,
1567,281.62,,,
1568,281.54,,,
1569,281.46,,,
1570,281.38,,,
1571,281.3,,,
1572,281.23,,,
1573,281.15,,,
1574,281.05,,,
1575,280.96,,,
1576,280.87,,,
1577,280.77,,,
1578,280.68,,,
1579,280.58,,,
1580,280.48,,,
1581,280.38,,,
1582,280.28,,,
1583,280.18,,,
1584,280.08,,,
1585,279.99,,,
1586,279.89,,,
1587,279.78,,,
1588,279.68,,,
1589,279.57,,,
1590,279.47,,,
1591,279.35,,,
1592,279.24,,,
1593,279.12,,,
1594,278.99,,,
1595,278.87,,,
1596,278.73,,,
1597,278.62,,,
1598,278.53,,,
1599,278.44,,,
1600,278.38,,,
1601,278.31,,,
1602,278.22,,,
1603,278.14,,,
1604,278.06,,,
1605,278,,,
1606,277.96,,,
1607,277.9,,,
1608,277.82,,,
1609,277.79,,,
1610,277.76,,,
1611,277.76,,,
1612,277.76,,,
1613,277.71,,,
1614,277.64,,,
1615,277.57,,,
1616,277.5,,,
1617,277.43,,,
1618,277.36,,,
1619,277.29,,,
1620,277.22,,,
1621,277.16,,,
1622,277.09,,,
1623,277.04,,,
1624,277,,,
1625,276.94,,,
1626,276.88,,,
1627,276.84,,,
1628,276.8,,,
1629,276.75,,,
1630,276.72,,,
1631,276.68,,,
1632,276.65,,,
1633,276.63,,,
1634,276.61,,,
1635,276.58,,,
1636,276.55,,,
1637,276.54,,,
1638,276.52,,,
1639,276.5,,,
1640,276.49,,,
1641,276.48,,,
1642,276.47,,,
1643,276.47,,,
1644,276.45,,,
1645,276.44,,,
1646,276.44,,,
1647,276.43,,,
1648,276.42,,,
1649,276.42,,,
1650,276.41,,,
1651,276.4,,,
1652,276.4,,,
1653,276.39,,,
1654,276.37,,,
1655,276.36,,,
1656,276.36,,,
1657,276.35,,,
1658,276.33,,,
1659,276.32,,,
1660,276.31,,,
1661,276.31,,,
1662,276.3,,,
1663,276.3,,,
1664,276.29,,,
1665,276.27,,,
1666,276.27,,,
1667,276.28,,,
1668,276.29,,,
1669,276.29,,,
1670,276.31,,,
1671,276.32,,,
1672,276.33,,,
1673,276.35,,,
1674,276.37,,,
1675,276.37,,,
1676,276.39,,,
1677,276.41,,,
1678,276.44,,,
1679,276.46,,,
1680,276.51,,,
1681,276.54,,,
1682,276.57,,,
1683,276.61,,,
1684,276.63,,,
1685,276.65,,,
1686,276.68,,,
1687,276.7,,,
1688,276.71,,,
1689,276.71,,,
1690,276.73,,,
1691,276.72,,,
1692,276.73,,,
1693,276.75,,,
1694,276.75,,,
1695,276.75,,,
1696,276.74,,,
1697,276.75,,,
1698,276.75,,,
1699,276.75,,,
1700,276.75,,,
1701,276.75,,,
1702,276.76,,,
1703,276.76,,,
1704,276.76,,,
1705,276.75,,,
1706,276.74,,,
1707,276.75,,,
1708,276.74,,,
1709,276.74,,,
1710,276.74,,,
1711,276.73,,,
1712,276.73,,,
1713,276.73,,,
1714,276.72,,,
1715,276.72,,,
1716,276.72,,,
1717,276.72,,,
1718,276.71,,,
1719,276.71,,,
1720,276.7,,,
1721,276.7,,,
1722,276.7,,,
1723,276.7,,,
1724,276.71,,,
1725,276.72,,,
1726,276.72,,,
1727,276.71,,,
1728,276.71,,,
1729,276.72,,,
1730,276.72,,,
1731,276.73,,,
1732,276.73,,,
1733,276.74,,,
1734,276.75,,,
1735,276.76,,,
1736,276.77,,,
1737,276.79,,,
1738,276.81,,,
1739,276.84,,,
1740,276.86,,,
1741,276.88,,,
1742,276.9,,,
1743,276.93,,,
1744,276.95,,,
1745,276.99,,,
1746,277.01,,,
1747,277.04,,,
1748,277.08,,,
1749,277.11,,,
1750,277.15,,,
1751,277.19,,,
1752,277.23,,,
1753,277.26,,,
1754,277.3,,,
1755,277.35,,,
1756,277.39,,,
1757,277.44,,,
1758,277.49,,,
1759,277.54,,,
1760,277.61,,,
1761,277.66,,,
1762,277.73,,,
1763,277.8,,,
1764,277.86,,,
1765,277.91,,,
1766,277.96,,,
1767,278.02,,,
1768,278.08,,,
1769,278.14,,,
1770,278.19,,,
1771,278.27,,,
1772,278.33,,,
1773,278.41,,,
1774,278.49,,,
1775,278.59,,,
1776,278.68,,,
1777,278.77,,,
1778,278.87,,,
1779,278.96,,,
1780,279.05,,,
1781,279.15,,,
1782,279.24,,,
1783,279.34,,,
1784,279.43,,,
1785,279.53,,,
1786,279.63,,,
1787,279.73,,,
1788,279.83,,,
1789,279.93,,,
1790,280.04,,,
1791,280.14,,,
1792,280.24,,,
1793,280.33,,,
1794,280.42,,,
1795,280.49,,,
1796,280.55,,,
1797,280.62,,,
1798,280.68,,,
1799,280.75,,,
1800,280.83,,,
1801,280.92,,,
1802,280.99,,,
1803,281.07,,,
1804,281.16,,,
1805,281.23,,,
1806,281.32,,,
1807,281.41,,,
1808,281.5,,,
1809,281.57,,,
1810,281.65,,,
1811,281.72,,,
1812,281.79,,,
1813,281.86,,,
1814,281.93,,,
1815,281.99,,,
1816,282.06,,,
1817,282.13,,,
1818,282.2,,,
1819,282.27,,,
1820,282.35,,,
1821,282.41,,,
1822,282.48,,,
1823,282.54,,,
1824,282.62,,,
1825,282.68,,,
1826,282.69,,,
1827,282.69,,,
1828,282.71,,,
1829,282.76,,,
1830,282.82,,,
1831,282.89,,,
1832,282.92,,,
1833,282.97,,,
1834,283.03,,,
1835,283.09,,,
1836,283.15,,,
1837,283.2,,,
1838,283.25,,,
1839,283.31,,,
1840,283.38,,,
1841,283.47,,,
1842,283.53,,,
1843,283.57,,,
1844,283.61,,,
1845,283.72,,,
1846,283.85,,,
1847,283.94,,,
1848,284.07,,,
1849,284.21,,,
1850,284.32,,,
1851,284.45,,,
1852,284.6,,,
1853,284.73,,,
1854,284.85,,,
1855,284.94,,,
1856,285.05,,,
1857,285.2,,,
1858,285.37,,,
1859,285.54,,,
1860,285.74,,,
1861,285.93,,,
1862,286.1,,,
1863,286.27,,,
1864,286.44,,,
1865,286.61,,,
1866,286.78,,,
1867,286.95,,,
1868,287.1,,,
1869,287.22,,,
1870,287.35,,,
1871,287.49,,,
1872,287.66,,,
1873,287.86,,,
1874,288.06,,,
1875,288.29,,,
1876,288.52,,,
1877,288.75,,,
1878,288.99,,,
1879,289.22,,,
1880,289.47,,,
1881,289.74,,,
1882,290.02,,,
1883,290.26,,,
1884,290.51,,,
1885,290.8,,,
1886,291.1,,,
1887,291.41,,,
1888,291.76,,,
1889,292.11,,,
1890,292.46,,,
1891,292.82,,,
1892,293.17,,,
1893,293.48,,,
1894,293.79,,,
1895,294.08,,,
1896,294.36,,,
1897,294.65,,,
1898,294.95,,,
1899,295.3,,,
1900,295.67,,,
1901,296.01,,,
1902,296.32,,,
1903,296.65,,,
1904,296.95,,,
1905,297.29,,,
1906,297.66,,,
1907,298.1,,,
1908,298.52,,,
1909,298.94,,,
1910,299.38,,,
1911,299.83,,,
1912,300.35,,,
1913,300.91,,,
1914,301.42,,,
1915,301.94,,,
1916,302.48,,,
1917,303.01,,,
1918,303.45,,,
1919,303.81,,,
1920,304.25,,,
1921,304.6,,,
1922,304.94,,,
1923,305.27,,,
1924,305.63,,,
1925,305.81,,,
1926,305.95,,,
1927,306.18,,,
1928,306.33,,,
1929,306.49,,,
1930,306.62,,,
1931,306.82,,,
1932,307.09,,,
1933,307.4,,,
1934,307.78,,,
1935,308.23,,,
1936,309.01,,,
1937,309.76,,,
1938,310.29,,,
1939,310.85,,,
1940,311.36,,,
1941,311.81,,,
1942,312.17,,,
1943,312.39,,,
1944,312.41,,,
1945,312.38,,,
1946,312.39,,,
1947,312.49,,,
1948,312.52,,,
1949,312.63,,,
1950,312.82,,,
1951,313.01,,,
1952,313.34,,,
1953,313.73,,,
1954,314.09,,,
1955,314.41,,,
1956,314.7,,,
1957,314.99,,,
1958,315.34,,,
1959,315.81,,,
1960,316.62,,,
1961,317.3,,,
1962,318.04,,,
1963,318.65,,,
1964,319.33,,,
1965,319.82,,,
1966,320.88,,,
1967,321.48,,,
1968,322.39,,,
1969,323.25,,,
1970,324.78,,,
1971,325.4,,,
1972,327.35,,,
1973,329.91,,,
1974,330.76,,,
1975,330.83,,,
1976,331.54,,,
1977,333.35,,,
1978,335.01,,,
1979,336.6,,,
1980,338.7,,,
1981,340.06,,,
1982,340.64,,,
1983,342.27,,,
1984,344.01,,,
1985,345.46,,,
1986,346.9,,,
1987,348.77,,,
1988,351.28,,,
1989,352.89,,,
1990,354.07,,,
1991,355.35,,,
1992,356.23,,,
1993,356.92,,,
1994,358.25,,,
1995,360.24,,,
1996,362,,,
1997,363.25,,,
1998,365.93,,,
1999,367.84,,,
2000,369.12,,,
2001,370.67,,,
2002,372.83,,,
2003,375.41,,,
2004,376.99,,,
2005,378.91,,,
2006,381.01,,,
2007,382.6,,,
2008,384.74,,,
2009,386.28,,,
2010,388.72,,,
2011,390.94,,,
2012,393.02,,,
2013,395.72,,,
2014,397.55,,,
2015,399.47,,,
2016,402.86,,,
2017,405,,,
2018,407.38,,,
