CD_NOM,Nb Obs Total,Auvergne-Rhône-Alpes,Bourgogne-Franche-Comté,Bretagne,Centre-Val de Loire,Corse,Façade Atlantique,Façade Manche,Façade Méditerranée,Grand Est,Hauts-de-France,Normandie,Nouvelle-Aquitaine,Occitanie,Pays de la Loire,Provence-Alpes-Côte d'Azur,Île-de-France
80990,146812,52011,21627,6012,9014,7,13,12,7,11638,5184,4779,12229,7288,4488,3187,9316
81569,143760,42352,17393,4398,8692,1425,11,18,47,14371,8073,4831,13163,9875,4665,3905,10541
82562,24269,7487,334,313,3910,596,3,0,245,4,6,18,2499,3469,1903,3340,142
83159,32690,7480,3655,1465,5356,42,16,16,2,1740,1049,1566,1983,3213,1827,411,2869
83272,51219,16488,3429,3054,5746,236,5,28,77,1454,1861,2650,3585,2989,3025,2485,4107
84110,58594,9652,1319,3276,3604,285,57,38,100,1498,2188,1690,12200,9639,4096,4709,4243
85740,141583,26461,14172,7222,12833,1216,81,146,32,11467,8901,8224,13233,9136,6882,2910,18667
85903,146931,41984,13556,3870,10595,278,8,15,0,17220,6705,5692,13135,6229,3826,9557,14261
86305,160350,36111,22198,3520,11872,964,23,47,124,22033,6302,4211,10751,9725,3761,10552,18156
190057,159323,41735,20153,7046,13144,1109,92,208,270,12641,5503,6326,8613,10672,7696,14620,9495
86828,65399,17258,6457,2338,7152,109,33,98,8,4584,4390,2190,4430,3496,4043,2131,6682
190355,1602790,628144,212973,37593,88135,6963,296,503,1470,117554,34471,28734,86325,83607,33191,167569,75262
88477,9354,3457,461,198,374,124,19,35,28,517,447,320,581,1150,268,1117,258
89968,56038,28165,2181,27,1016,3,1,9,1,1084,772,149,224,1445,72,20000,889
90681,101394,21828,10490,4720,9120,376,30,102,271,9282,3335,3372,6519,7068,4338,7733,12810
91327,27594,12700,2539,6,1586,0,2,18,0,2363,671,304,1206,2984,170,2152,893
91382,111061,45474,13820,5917,5974,0,8,34,0,6914,3762,3771,9203,5970,2855,381,6978
91886,161244,37610,16402,847,10509,1598,17,54,61,19137,8235,3798,6882,10436,3273,18533,23852
92302,140896,32482,16492,3590,14344,452,71,147,118,11519,8254,3971,6625,9775,5358,10576,17122
92353,123741,29552,17045,1793,11461,252,39,98,98,15257,7838,2562,9090,4473,2540,3802,17841
92501,247750,70321,31149,2868,17253,40,9,23,5,27123,9610,4393,18547,14612,5862,22922,23013
92606,318565,96784,42248,9078,19461,172,16,33,4,36183,12249,8365,25387,16005,7932,17178,27470
92876,343098,88934,39293,11270,27847,2042,72,110,109,30857,15687,8847,25441,19139,12362,28975,32113
133531,20166,7397,1585,893,527,17,19,42,246,407,146,189,1223,3030,189,3852,404
93590,2573,416,23,21,27,34,1,0,73,38,20,10,108,849,33,840,80
94207,328543,101125,36149,10645,23011,3230,121,197,2049,24823,8321,7395,18366,21598,9166,32839,29508
611652,81629,21504,5072,3414,7078,860,37,55,226,3139,1465,3614,11072,7404,4751,6924,5014
95149,71653,16290,10205,1306,7667,52,24,54,42,7948,3559,1957,4074,4164,2935,4142,7234
96180,95997,22915,10007,4875,7713,83,39,83,11,9337,9661,3666,3324,3290,4868,4353,11772
96271,59492,13246,7602,3278,5957,70,16,19,44,3314,3847,2202,3742,2662,3213,1011,9269
96546,26942,9527,1372,176,713,126,9,8,27,1625,926,628,3415,2904,503,3352,1631
96749,76274,17359,7126,1273,9470,69,18,61,105,5708,5276,1727,4053,3998,2883,4143,13005
96895,68889,22223,5765,1311,7548,699,48,107,290,3671,1566,570,3532,5725,1968,7692,6174
97084,61487,23882,6240,3877,4855,68,22,48,22,2819,2058,2243,4758,3158,3136,1238,3063
97537,66744,13405,6694,2329,4911,583,6,43,277,5924,5730,1917,3244,7263,2068,7604,4746
97616,6182,1648,1180,29,346,25,1,1,4,807,70,90,585,610,184,401,201
59053,4231,851,120,46,583,47,1,8,1,380,65,1229,165,245,20,206,264
98653,34004,5186,720,704,821,1020,10,2,316,1208,856,538,3512,6485,1193,8675,2758
99373,175734,45834,15477,8865,15635,1050,70,125,319,13225,14571,7113,13444,12539,6533,9648,11286
100045,60391,19456,10487,1333,6362,465,13,27,54,4736,1301,1047,2677,3607,2563,2703,3560
100052,95730,19153,11470,5918,10989,449,44,78,72,6486,6432,3861,6760,5935,4913,2197,10973
100142,219985,60824,24064,10968,16661,3045,65,102,10,19763,11297,7362,15151,12227,8862,8657,20927
100225,185278,51634,23717,5239,15745,187,13,36,3,18490,10187,4889,11039,7573,5358,5044,26124
100387,38522,10578,6324,3887,1975,100,5,14,1,3016,1644,2257,2204,1326,2207,148,2836
100787,381371,92892,44402,6891,33193,3054,126,147,484,39166,14660,7484,38258,27846,8156,24577,40035
101210,48262,5627,2066,2389,6140,163,53,113,105,1513,1529,2140,4659,4139,3272,2562,11792
102901,62748,21593,6042,4642,5843,49,13,7,3,2461,1717,2895,8402,2493,2653,201,3734
103287,29076,4978,7501,483,1991,2,1,0,0,5713,1832,486,1124,1433,924,362,2246
103316,216657,60658,24864,5519,18780,1521,38,64,260,17392,9176,5192,12565,13697,6742,16531,23658
103375,133358,39419,12966,7123,14342,342,67,136,120,4708,3603,5641,16463,7531,6768,1893,12236
103734,19695,1807,1382,2064,2843,34,93,73,34,282,274,1712,2294,1803,1757,993,2250
104076,62726,18089,7615,602,4964,120,2,2,0,6639,2270,887,3914,3964,1944,4584,7130
193689,586889,183205,63401,29441,48903,3190,405,465,1516,31447,19331,19272,55713,33944,21632,35760,39264
104502,19150,2716,1520,2129,2972,64,3,5,21,922,969,895,1789,1259,1565,342,1979
104770,3654,727,156,23,52,25,1,1,8,142,14,5,503,872,162,914,49
104771,4246,564,254,225,182,17,3,0,1,439,402,224,362,469,236,243,625
104775,94651,23439,9112,1512,8194,116,15,42,127,7519,5344,1778,3967,7550,3291,11092,11553
104786,8489,4249,223,0,10,0,0,0,7,2,1,0,69,1302,10,2615,1
104787,17667,4834,998,1203,1804,37,15,20,31,665,212,203,1491,1447,1694,1698,1315
105017,144591,35223,18890,5978,14083,200,13,75,17,13427,8586,5365,9968,6216,6281,3376,16893
105201,8895,2197,811,99,1556,49,3,2,7,798,120,28,711,733,556,760,465
105295,23935,2172,329,1140,630,238,16,2,234,399,696,594,3984,4023,1851,5411,2216
105502,71779,33492,9847,14,1461,2,3,28,3,5792,1498,914,2533,2637,232,11642,1681
105817,107166,21867,12858,6099,10000,24,44,98,1,11063,5034,5315,11221,5577,6088,5302,6575
953657,0,0,0,0,0,0,0,0,0,0,0,0,0,0,0,0,0
105966,196171,53037,29250,3038,17544,1,57,110,8,20442,7738,4339,10639,8804,6070,15462,19632
106497,18913,4465,1761,2438,1660,555,8,10,13,926,1309,1009,1631,1024,1198,238,668
194267,371497,130824,43507,9351,24015,1395,68,67,882,24018,8928,6655,27566,24340,7464,40137,22280
106581,161950,36288,18520,9039,20086,4,65,63,0,10073,7649,6235,23581,7039,6883,37,16388
106653,264609,95934,28730,9369,13955,1181,107,168,30,16340,6049,6775,14061,15093,9044,35964,11809
610909,95794,14613,9942,5611,9989,1992,122,111,390,7663,6592,4036,6154,6630,4414,5138,12397
107295,302,3,10,0,8,24,0,0,29,6,2,2,6,73,3,125,11
107313,11153,3205,1262,10,1057,32,0,1,11,779,27,48,426,1404,256,2174,461
107318,65953,11630,2917,2570,2602,523,76,142,315,3288,3929,2086,5763,10686,2616,9321,7489
107574,40084,6908,2638,2991,5411,416,45,89,126,1118,740,1633,4497,3785,3375,1701,4611
107649,139974,39457,17515,2891,10166,202,42,115,62,12370,7774,3911,7373,6891,4080,10127,16998
107711,73723,20424,6790,1663,5070,51,42,63,22,7557,2413,1230,2489,5757,2686,9868,7598
108168,55405,12069,3675,1397,5264,558,11,20,22,1281,898,1574,10702,6968,2754,2129,6083
108351,68785,11396,6049,3273,6910,230,29,98,148,6602,7232,2862,3630,4499,3311,2867,9649
108874,46972,17897,2300,66,3566,1305,9,12,266,787,270,209,2782,5460,1513,7999,2531
112355,131586,27743,10686,3494,11463,499,24,103,218,11588,8153,5975,4165,11674,5598,16887,13316
611604,18,3,0,0,0,7,0,0,0,0,0,0,2,6,0,0,0
113474,102147,17761,10687,533,11665,77,13,42,108,8107,4222,1315,5689,6822,1771,11535,21800
113525,122276,41015,14028,3293,9160,243,35,90,18,6550,3469,2399,8319,8998,3421,15801,5437
113689,29592,2143,35,2094,1808,1180,25,7,143,26,69,143,12745,1678,1570,5603,323
113703,140363,57976,7701,2152,6788,0,3,2,1,10358,478,1088,6839,5219,1144,33384,7230
113893,307665,91331,34812,10030,23900,3061,128,200,470,20299,10682,8028,23691,21020,10381,21167,28465
114114,141274,31652,13079,7103,12510,971,57,151,189,10917,10931,6061,11403,6057,6134,3449,20610
114417,0,0,0,0,0,0,0,0,0,0,0,0,0,0,0,0,0
114658,127633,31039,13693,5080,11346,350,34,105,100,10387,7819,4875,7338,7380,5443,7442,15202
115145,62881,30106,1844,290,1981,251,3,4,57,1852,732,361,2078,6322,1567,13331,2102
115624,170399,40843,20190,4190,18851,728,43,135,56,15271,8547,3705,11273,10340,7374,8042,20811
115789,182800,76394,23283,1008,11511,2274,45,62,71,10500,2430,1825,7549,12613,2875,22303,8057
116012,152727,40277,19323,6244,11716,558,27,58,6,12329,8312,5093,11624,6923,5617,7292,17328
116043,151671,42542,17350,4735,9563,178,8,20,7,17542,7153,4688,11557,9307,4863,8996,13162
116054,3342,1095,588,60,313,2,0,1,2,365,107,64,90,117,104,103,331
116067,10315,3687,1385,172,373,20,2,2,5,856,245,143,713,709,418,927,658
116089,32272,5506,1164,2212,1584,4,5,1,0,2034,1591,1292,4707,2489,2022,887,6774
116485,10197,1512,239,174,304,42,2,0,51,432,245,160,612,1880,349,2776,1419
116751,161464,49778,5090,4,5134,1227,2,0,185,2236,110,79,8166,32821,650,50094,5888
116759,218509,40591,26355,11162,25261,55,44,54,2,25465,8910,7144,36633,6884,9013,501,20435
116903,165961,55761,26479,5397,12371,12,21,97,2,12815,6097,5921,11847,6979,7731,5356,9075
116952,114879,44918,13618,2616,7863,866,44,90,103,4859,1486,1902,7650,9516,3358,12273,3717
117201,197903,48343,28401,8745,16936,87,41,128,5,18932,14562,6966,16328,6519,7602,3349,20959
117353,30250,6290,1107,3687,1861,593,90,65,265,719,2520,1384,3120,2490,2975,2116,968
118016,86844,16983,19032,2168,8135,33,5,7,0,14971,3978,2739,4765,3791,2221,680,7336
118073,99844,31951,9233,3815,3537,928,16,54,5,8115,4747,3086,5791,8833,3784,12394,3555
118865,22101,669,7,5,12,1106,2,0,1230,61,1,8,61,3557,14,15341,27
118916,95031,18372,4540,1320,4323,3766,62,13,873,199,8,221,15130,16854,3544,23466,2340
119097,102122,11193,14172,4601,13618,319,60,32,0,14479,2420,2687,14057,6220,4576,212,13476
119373,58746,10536,2122,172,1077,4971,10,59,575,1092,2372,1510,4146,11210,1084,15165,2645
119418,162799,59412,23360,8968,12776,32,57,95,1,8563,4739,5549,12691,7446,7306,5239,6565
119473,93089,22355,13816,1099,9397,382,72,144,150,9270,5075,2229,5834,6302,1969,5327,9668
119915,75504,22872,8918,737,6521,47,5,25,36,6954,5190,1687,2795,3074,3013,5833,7797
119948,50809,5364,619,8695,5660,333,39,54,0,350,436,3252,15382,3362,5652,51,1560
120260,9239,2002,1235,391,1051,0,0,4,0,1801,1133,191,96,83,324,103,825
120712,40631,7353,7803,286,2141,185,1,8,2,3359,936,825,4785,5176,1110,2115,4546
120717,182104,46548,16169,9157,14046,296,63,153,22,15778,13857,7112,14731,9733,7250,5416,21773
122028,66803,19708,10006,2764,5130,48,3,8,0,8291,3001,2302,4062,1618,2385,750,6727
122745,131877,27822,9772,7217,12888,924,79,168,299,8523,8011,6224,8925,8037,7217,8725,17046
123164,41276,8310,2497,1692,2366,2720,24,28,350,2284,868,756,2928,7355,1124,5779,2195
123401,16153,4689,1436,4,4789,0,0,0,0,28,0,32,852,985,1374,390,1574
123713,40623,5893,5561,1796,3788,67,11,63,13,5625,5782,1740,1001,1307,1109,1603,5264
124233,118824,23997,11329,4506,12821,297,56,95,1182,9297,8655,4725,8546,6262,4768,6087,16201
125391,22951,5542,1313,697,1060,3,3,3,2,1897,1460,875,1863,2256,1092,1657,3228
717630,38656,3324,11530,1585,829,37,30,29,16,5114,536,551,1604,3847,928,1522,7174
127294,65137,19213,8036,5170,4876,122,45,82,8,3622,3655,2897,6526,2542,3429,419,4495
127439,253806,91612,29128,6847,12240,555,51,134,65,17083,8079,7339,16343,13490,8000,24879,17961
127454,214426,60661,27702,7747,14068,762,59,151,23,16809,13222,7085,15597,10315,7096,10575,22554
128077,40220,13311,5094,2006,2924,37,8,16,27,2659,1873,905,2345,1748,1510,2194,3563
128754,89736,21681,10902,1601,9199,231,22,41,65,7636,3560,1599,7858,6297,3654,5805,9585
128832,138245,49325,17890,5901,10172,3,23,48,0,9245,5023,4683,10659,7685,5007,4450,8131
128880,53504,13528,4853,3574,5509,228,8,49,8,2952,2318,2513,3674,3712,2980,2413,5185
128956,117524,29132,10967,4278,10737,436,20,81,78,8546,7522,3839,7240,8738,4228,5849,15833
129191,0,0,0,0,0,0,0,0,0,0,0,0,0,0,0,0,0
129298,96073,21066,9529,8725,9211,227,55,81,3,5119,4342,4711,6577,5672,6964,3998,9793
788758,34,3,1,2,2,0,0,0,1,2,0,2,5,8,1,3,4
188731,549434,181513,61232,7749,26541,1431,26,70,13,60019,26043,14640,24673,27857,10807,49588,57232
79734,197335,55614,27834,2635,14645,23,4,13,3,22376,8028,6108,11538,10797,5298,17177,15242
79763,27578,9883,329,1,19,553,0,0,4,19,3,1,2039,7492,38,7194,3
79779,60329,21620,6446,487,2614,16,2,2,0,7759,2406,1044,1752,1928,1201,1575,11477
79783,188323,60136,20736,4438,6028,669,20,55,0,28316,15112,7306,4893,3074,3239,6576,27725
79908,271072,83661,25303,8543,20030,131,56,191,4,19925,14039,10310,17946,14543,8754,23944,23692
81295,116310,34461,11823,2697,9251,122,3,26,29,10173,5011,4023,7207,8579,4802,5046,13057
81508,10734,4709,341,66,38,171,0,0,1,307,52,85,241,754,65,3631,273
81541,24993,10369,3262,561,1648,141,1,3,0,3181,947,975,1155,800,761,268,921
81567,1667,224,23,14,5,798,2,0,0,75,96,12,25,75,32,188,98
82103,90257,35139,2044,0,40,209,0,0,64,781,0,56,298,5801,0,44778,1047
82620,0,0,0,0,0,0,0,0,0,0,0,0,0,0,0,0,0
83267,48810,16685,6411,1178,1899,9,5,1,1,4380,1374,924,3744,4421,1552,4358,1868
83420,0,0,0,0,0,0,0,0,0,0,0,0,0,0,0,0,0
83481,34152,1508,0,924,2,5434,46,3,653,1,0,0,4967,7794,1512,11308,0
84264,33509,2377,6,0,1,2669,0,0,1567,0,0,0,91,9814,0,16984,0
84458,31545,13174,831,3198,879,967,38,38,3,811,142,1074,3069,3767,1536,1256,762
84472,31245,8791,1983,631,846,623,1,14,191,501,96,317,1930,4543,877,9125,776
84534,95466,37665,8076,2486,2444,1487,10,24,124,4171,1121,1751,6271,10462,2060,14395,2919
189558,27894,15031,1314,3,123,0,1,0,1,1954,25,3,560,2689,17,6108,65
85174,395,37,5,2,8,0,0,0,0,125,12,3,17,14,0,131,41
189788,242,14,36,28,26,0,1,0,0,43,3,8,39,4,7,10,23
189836,53506,14875,4033,268,2522,739,0,4,0,3291,1055,697,1148,1133,741,18414,4586
85909,0,0,0,0,0,0,0,0,0,0,0,0,0,0,0,0,0
86083,34444,7296,32,7,4,896,0,0,649,11,2,1,504,7543,3,17486,10
87143,92138,38773,5232,574,1791,538,1,1,8,1068,474,667,2333,13956,477,24553,1692
87742,39559,8860,7695,539,1300,0,3,3,0,5948,1278,799,1496,2567,1211,6959,901
87933,18881,8776,1947,61,993,73,0,0,0,911,117,133,1296,2455,559,583,977
88767,0,0,0,0,0,0,0,0,0,0,0,0,0,0,0,0,0
89200,196379,39841,38730,2912,20728,1,0,10,0,32797,10537,5189,14841,3422,3357,754,23260
89452,3746,1049,66,19,46,13,0,0,4,60,18,12,124,588,39,1579,129
89468,16759,3847,42,23,112,187,0,0,120,66,24,9,868,5470,187,5055,749
89888,15331,2032,357,755,278,26,18,56,575,448,286,610,356,1341,583,7274,336
90356,50787,13940,5519,2176,5499,89,9,48,0,3636,4715,2674,1830,853,2590,1133,6076
90605,0,0,0,0,0,0,0,0,0,0,0,0,0,0,0,0,0
90669,93948,20551,7620,2789,6632,66,4,42,18,8525,6629,3649,6820,6432,4789,3120,16262
91867,21348,3284,12,8,64,911,5,0,561,4,5,61,120,5818,59,10406,30
92146,3569,386,0,0,2,103,0,0,28,2,0,0,3,396,5,2643,1
92379,0,0,0,0,0,0,0,0,0,0,0,0,0,0,0,0,0
92631,34566,8980,1150,767,1279,0,3,0,9,1560,1022,962,2067,2451,920,10310,3086
191211,37809,16321,1225,479,622,9,4,0,31,1381,1113,460,1076,1551,560,11207,1770
93129,26992,7145,469,63,1042,331,6,2,212,265,107,136,1368,4665,544,10477,160
191364,3185,462,31,81,34,42,13,2,89,63,32,23,181,988,72,970,102
94432,49524,15724,8422,577,2570,199,6,13,3,3400,489,1199,1200,6374,1414,5644,2290
95793,110126,35732,8332,1452,7068,25,58,133,193,7447,4354,1540,4661,10921,3173,18964,6073
161574,0,0,0,0,0,0,0,0,0,0,0,0,0,0,0,0,0
192232,401407,150466,41849,14254,19668,608,76,193,65,29536,27068,13156,18491,16920,12074,24374,32609
96508,91997,27638,10005,2000,5884,136,6,77,25,9622,8254,3157,3325,3434,2705,6103,9626
96539,11696,3463,163,16,617,195,1,0,77,138,0,0,258,1908,68,4789,3
192282,192167,63827,15028,5455,12974,587,83,95,379,12519,6377,3207,11546,12320,6297,19425,22048
609982,135475,33895,21421,4402,15663,142,17,17,11,12147,5900,3921,10065,6197,5819,4767,11091
97434,140706,33949,15705,6212,9054,516,53,105,16,14907,9552,6215,12505,7746,4173,7000,12998
97452,98204,24272,12673,5271,6309,63,17,16,12,8028,2963,3916,8881,7727,4881,5526,7649
97478,37468,5879,332,827,656,856,3,17,560,423,716,645,1138,8964,879,13222,2351
97490,137755,57918,12483,73,9465,5,4,3,15,10878,1159,383,2117,6607,1800,27898,6947
97502,48891,22679,4009,235,2819,45,0,0,1,701,94,283,2931,1789,616,12334,355
97609,44914,5633,3170,2827,2696,612,16,58,494,3948,3585,2003,3368,3365,1948,3194,7997
97947,325244,106191,34054,9844,5558,1024,31,10,1,38180,8708,8763,16209,62420,3718,17188,13345
192608,663,92,5,2,4,0,0,0,0,415,26,2,27,14,14,14,48
98910,23194,4403,612,70,781,5,2,0,145,107,27,85,1169,7219,1668,6614,287
98921,316874,115072,41423,5700,17077,20,27,63,1,34971,16019,6963,15984,15731,5154,10867,31802
99473,116507,34403,13690,6180,7072,231,52,108,3,10604,5270,5101,8086,7471,5645,7750,4841
192773,725067,226002,73227,26009,51390,7529,279,469,1493,50258,29036,18793,38610,50155,26138,62460,63219
100109,19266,10835,119,21,23,338,0,0,0,44,11,16,65,3811,6,3933,44
100149,24217,8110,2225,680,933,10,19,7,0,1626,462,365,1202,2246,495,3708,2129
100330,3941,893,103,102,140,17,0,0,6,235,119,72,354,945,207,286,462
101188,91357,39926,11625,37,2804,51,0,0,1,5311,308,504,2020,8479,318,17807,2166
193274,19018,2631,882,701,955,256,4,0,6,1350,1070,716,2679,2338,1029,1158,3243
102352,0,0,0,0,0,0,0,0,0,0,0,0,0,0,0,0,0
102845,45063,24648,3838,7,27,81,0,0,6,658,4,10,319,4003,13,11404,45
161526,0,0,0,0,0,0,0,0,0,0,0,0,0,0,0,0,0
193498,457580,135690,48572,20555,34262,3381,114,142,454,32356,15441,13634,37186,32451,16418,30255,36669
446973,0,0,0,0,0,0,0,0,0,0,0,0,0,0,0,0,0
193623,139076,26085,14266,8063,15984,317,131,138,345,10140,5509,5623,12074,9656,6940,11376,12429
610646,110956,21335,14768,7932,14018,0,96,172,6,9442,6370,4720,5952,2512,6696,584,16353
104173,142704,43258,19834,7959,11848,317,21,44,13,8349,5047,5217,16065,6687,5195,962,11888
193693,263616,91243,9181,102,4075,4721,1,1,1231,3624,1209,461,9054,25992,473,109406,2842
104409,34647,7022,6,4,3,1981,0,0,278,4,2,2,10,7293,8,18026,8
193740,323,126,5,2,6,0,0,0,0,46,4,1,6,40,4,26,57
610995,55509,25469,5464,98,1429,1149,0,3,6,4447,654,1034,1373,3419,402,7038,3524
104903,79346,19061,7100,3946,8202,195,25,82,32,5387,6273,3422,6193,5162,4227,2437,7602
105148,4129,1588,793,4,126,22,0,0,0,565,90,89,128,337,39,293,55
105266,9192,2688,1690,43,246,7,2,10,0,1456,796,184,258,460,135,797,420
106396,9172,2510,977,51,819,22,0,8,0,825,351,279,315,950,282,903,880
106565,26757,10577,11,10,7,560,0,0,7,14,6,10,387,5472,9,9668,19
106575,0,0,0,0,0,0,0,0,0,0,0,0,0,0,0,0,0
106828,25944,7249,1708,895,2995,1160,5,1,16,569,397,813,2264,1957,1312,2365,2238
194420,305,52,2,6,5,2,0,0,1,66,3,2,14,71,6,16,59
107880,65046,19320,7793,1198,4618,364,2,3,1,7727,2196,2183,3947,4721,2744,4280,3949
108027,86650,23121,9397,5275,8615,918,27,67,28,6834,3670,3359,6397,3469,4615,3622,7236
108103,23970,12369,4276,33,98,9,0,2,0,725,7,6,155,1801,35,4408,46
194807,110,23,4,7,8,0,0,0,1,7,1,0,8,15,10,12,14
109422,21089,3957,1898,1378,1991,133,18,29,21,1904,1653,1381,1277,1450,1037,1219,1743
110002,17150,978,0,0,1,2457,0,0,844,0,0,0,1,4753,0,8116,0
195496,266228,85286,15227,721,14352,2137,433,165,1441,10236,5238,4157,14817,43045,3336,47197,18440
626616,0,0,0,0,0,0,0,0,0,0,0,0,0,0,0,0,0
1016392,0,0,0,0,0,0,0,0,0,0,0,0,0,0,0,0,0
111289,99039,27801,11848,926,6719,333,13,18,6,11497,5165,2516,7059,7974,2507,3663,10994
111561,8914,1858,373,209,705,35,9,25,68,88,32,85,970,1248,352,2421,436
111840,18258,2568,1,0,9,443,3,0,166,0,0,0,173,4529,0,10363,3
111922,0,0,0,0,0,0,0,0,0,0,0,0,0,0,0,0,0
112410,30609,3825,361,1167,1014,714,53,87,828,494,609,861,1632,4095,850,6338,7681
112467,707,146,34,1,4,0,0,0,4,295,3,1,70,66,4,22,57
715633,39,9,2,0,1,0,0,0,0,0,0,0,4,9,3,1,10
113690,3998,254,5,12,7,96,0,0,277,7,3,3,132,1500,15,1675,12
196323,2778,5,0,4,0,119,7,0,567,1,2,0,429,298,6,1336,4
114761,0,0,0,0,0,0,0,0,0,0,0,0,0,0,0,0,0
114942,11449,1682,39,103,24,1576,7,3,189,5,0,45,298,1840,222,5399,17
114972,17633,4283,1676,2413,549,135,28,30,4,512,220,678,1557,1605,1785,809,1349
115918,123602,39753,17002,1015,12329,17,1,27,0,11185,3996,3185,4765,5293,4051,13127,7856
116093,71,7,0,0,7,0,0,0,0,0,0,4,50,2,0,0,1
116096,64112,24731,9057,19,2752,3,0,3,3,4928,702,343,1960,4917,139,10523,4032
116142,253154,58335,32178,9641,25349,912,212,132,45,22374,12289,6753,19914,18173,9174,17652,20021
116574,21893,4969,3477,1053,1546,23,10,1,4,2420,445,464,3000,857,1440,1388,796
116704,80275,12900,85,624,233,7024,57,10,1104,34,59,101,2776,19327,1344,34220,377
521658,124505,32699,26246,1492,13211,47,4,7,0,20061,1968,2804,4082,5098,2707,642,13437
117019,0,0,0,0,0,0,0,0,0,0,0,0,0,0,0,0,0
117470,0,0,0,0,0,0,0,0,0,0,0,0,0,0,0,0,0
117526,29770,3988,4,29,59,279,11,2,1037,5,7,23,1172,9666,117,13339,32
117860,130893,38617,13783,2001,10366,118,23,13,107,8112,3205,1958,11489,9111,4114,11457,16419
197264,333055,100471,40597,12288,16039,2442,81,128,70,28069,10672,9079,15839,22665,12893,46677,15045
118170,0,0,0,0,0,0,0,0,0,0,0,0,0,0,0,0,0
197281,436411,124623,52453,11362,26605,5606,85,146,663,44837,14524,9177,33903,26994,14144,40053,31236
119525,520,228,5,7,4,0,0,0,0,6,0,1,50,217,0,1,1
119698,91336,15999,3147,5103,9364,1820,219,95,713,423,414,3076,14241,15791,6896,11078,2957
197334,541060,209632,53271,13536,28597,830,61,192,78,40953,20704,11119,29687,20631,12955,68648,30166
119991,64143,24164,9482,82,5498,199,1,17,2,6573,3362,899,3247,977,168,1573,7899
120029,20091,9945,871,17,40,3,0,0,2,300,46,36,165,1162,44,7335,125
120189,40555,18905,4287,15,1655,152,1,4,23,2135,167,36,537,1938,104,10162,434
120753,0,0,0,0,0,0,0,0,0,0,0,0,0,0,0,0,0
197354,4694,161,17,28,20,640,1,0,4,28,23,11,102,1176,58,2363,62
120824,53402,18421,5044,247,4309,230,1,37,9,3536,2386,630,3279,6179,1102,3766,4226
120877,0,0,0,0,0,0,0,0,0,0,0,0,0,0,0,0,0
121999,38809,4747,4384,3140,4205,121,7,41,7,2878,2840,2617,2736,1836,2647,1216,5387
122236,0,0,0,0,0,0,0,0,0,0,0,0,0,0,0,0,0
123568,50293,27007,2822,477,1405,3,12,49,0,1205,225,326,2748,4224,764,8160,866
124034,97667,17432,10912,6731,8903,79,112,127,16,8392,6247,4777,7008,4177,6252,2163,14339
124453,23028,4526,113,121,95,204,17,1,297,36,28,49,445,5748,220,10919,209
197858,3315,767,271,54,504,0,0,1,1,307,43,37,498,643,65,18,106
124680,19,0,3,0,0,0,0,0,0,12,0,0,0,2,2,0,0
124797,0,0,0,0,0,0,0,0,0,0,0,0,0,0,0,0,0
124814,97204,21700,13809,5878,5498,54,8,50,1,14209,9223,4635,4490,3055,3266,1306,10022
125006,0,0,0,0,0,0,0,0,0,0,0,0,0,0,0,0,0
198123,4067,1056,160,67,103,0,0,9,0,558,945,337,143,29,105,20,535
125364,11068,1621,52,82,89,0,0,0,8,3,6,7,3066,2404,18,3700,12
125585,3742,224,187,338,144,98,8,14,3,100,17,75,106,580,590,724,534
126035,147289,46592,12538,9698,12202,1207,65,77,4,8016,1984,4851,17955,11688,6995,1801,11616
198441,723,147,32,21,28,0,0,0,1,161,32,24,84,70,24,14,85
126628,26331,5316,3203,241,900,41,0,2,0,4642,1711,595,2205,1584,594,632,4665
126650,48869,21213,8149,70,1455,24,0,3,1,4015,1157,755,1945,2438,246,4386,3012
464239,309,24,30,3,17,6,0,0,0,27,11,5,35,71,4,6,70
127258,0,0,0,0,0,0,0,0,0,0,0,0,0,0,0,0,0
128171,6585,1322,1121,9,977,4,0,0,0,2113,82,14,119,260,244,10,310
128175,113894,16445,9206,3292,12691,199,25,102,139,10184,7019,4422,8057,9201,4271,10349,18292
128419,60864,24295,9988,2165,3476,0,2,1,0,6109,1596,1108,2758,2901,2042,2100,2323
128651,11613,1252,4,0,4,247,0,0,217,2,1,0,206,2802,3,6867,8
128660,45179,11970,3766,2557,2619,240,22,53,8,3449,3074,2212,2881,2135,2329,4237,3627
129083,128657,43680,19947,131,7590,4,0,1,0,12863,3811,1588,5707,6396,1630,15958,9351
129092,47142,5081,574,891,1207,953,9,0,412,721,1141,769,2900,11991,1940,14840,3713
129470,38606,10940,4858,1135,3786,5,2,8,3,3791,3277,1398,2332,1758,1392,1003,2918
129586,48457,12952,9629,216,4786,5,3,15,0,5910,1856,1142,1530,1690,1047,3097,4579
129632,41211,10555,6032,838,5149,22,0,8,6,2601,1266,1217,1691,1571,1812,1801,6642
129666,64559,19446,12219,138,4605,354,1,3,2,10462,2632,1187,2733,2172,921,4093,3591
198951,92,5,2,1,1,0,0,0,0,54,5,2,2,6,6,1,7
199107,3161,226,46,117,37,13,27,0,108,70,65,85,551,895,158,657,106
79333,1880,744,214,31,101,0,0,0,0,120,15,46,436,108,22,2,41
39055,713,71,252,87,15,5,3,0,0,30,38,15,44,87,29,9,28
82733,1070,0,1,0,1,0,0,0,0,7,1,1,118,941,0,0,0
82738,115110,31872,17877,7193,6081,47,7,41,4,11460,6422,5388,9917,5398,2691,2284,8428
82922,186410,76641,22132,7107,10125,1879,60,76,171,7022,3070,5834,15800,10036,6027,14365,6065
84112,90676,21259,15037,2783,9296,1,13,39,0,12437,7478,5567,3059,1132,2945,185,9445
86101,0,0,0,0,0,0,0,0,0,0,0,0,0,0,0,0,0
87690,12014,6444,544,7,293,2,0,0,0,318,9,39,2074,2033,87,141,23
87929,0,0,0,0,0,0,0,0,0,0,0,0,0,0,0,0,0
87964,87994,23294,16047,4372,7287,1,9,22,0,7888,2343,3330,9747,5028,4213,92,4321
89304,128507,32188,5730,9324,11124,1276,34,18,10,3838,2224,4071,21735,10972,6759,3915,15289
89674,0,0,0,0,0,0,0,0,0,0,0,0,0,0,0,0,0
91120,22190,9566,1811,1987,419,1,4,2,0,1768,546,1097,2312,2127,474,3,73
91258,66283,17228,7335,3726,3378,158,4,10,0,8791,4785,2670,4433,2702,1692,491,8880
92242,38631,18106,163,5014,236,93,20,11,1,63,138,1813,4397,4893,3035,550,98
93308,85524,26024,8850,4863,8153,179,12,14,3,5404,3296,3532,8371,5150,5438,1273,4962
94257,34932,16983,2082,130,588,1,8,59,0,666,2663,542,593,2124,347,7932,214
94266,35549,19562,2224,2723,1276,5,2,14,0,877,340,772,1795,4087,827,471,574
94628,0,0,0,0,0,0,0,0,0,0,0,0,0,0,0,0,0
94959,82000,20407,4868,10785,5251,2043,51,37,2,7597,1456,5792,8134,5173,6475,119,3810
133970,487,219,3,0,0,130,0,0,0,16,0,0,3,59,0,57,0
95558,59723,16756,10962,1187,3784,30,4,9,0,10059,2349,2177,4323,1432,983,46,5622
95566,2635,1867,61,0,0,35,0,0,0,60,0,1,36,344,0,230,1
95567,159850,65980,16668,6241,7386,173,19,45,0,16589,6415,5009,7609,6898,3586,5068,12164
98865,166065,58880,22369,1854,10769,1005,7,13,6,16933,5570,3296,7546,7496,2747,13653,13921
193276,205323,96213,17556,2129,6040,2164,7,26,4,10892,1990,2751,5448,8115,2352,44753,4883
103514,167386,42413,15202,9804,10283,1118,26,26,5,7112,4312,6819,20322,29984,6838,5132,7990
104889,34225,15090,4450,58,3072,1,0,1,11,2306,84,73,1634,2831,520,3880,214
105226,0,0,0,0,0,0,0,0,0,0,0,0,0,0,0,0,0
105247,136284,58045,17602,2169,7954,63,8,46,3,9147,4796,2985,6268,6690,3650,12338,4520
106283,0,0,0,0,0,0,0,0,0,0,0,0,0,0,0,0,0
106918,64762,20898,10858,5204,4725,53,19,33,10,4405,1696,2498,5785,2779,3715,567,1517
107072,25117,11086,3211,1491,455,0,3,1,0,2092,813,1243,1819,1985,478,2,438
194459,2759,1089,279,4,58,30,0,0,0,265,28,12,70,336,7,474,107
107519,0,0,0,0,0,0,0,0,0,0,0,0,0,0,0,0,0
31292,2203,288,635,32,19,3,0,0,0,163,684,93,33,149,28,27,49
109091,45346,14689,10945,374,4731,3,0,2,0,4558,1657,448,3309,1157,964,168,2341
110914,85769,38366,10213,2919,4188,99,36,99,1,3485,1327,3420,4676,8451,3916,3489,1084
111419,21869,7832,1898,2057,2022,36,36,20,0,402,159,461,3476,1071,1450,51,898
111859,71888,35837,8348,1718,884,34,3,5,0,7903,1497,1865,4316,4659,581,3610,628
112421,42905,21738,7357,34,679,26,0,2,0,5675,1274,582,556,1018,219,1864,1881
113435,0,0,0,0,0,0,0,0,0,0,0,0,0,0,0,0,0
113444,1844,490,43,327,21,0,0,0,0,80,21,146,568,94,31,1,22
114595,57971,21559,6523,1527,3818,463,30,38,6,1925,966,1455,4311,4648,2359,6189,2154
196557,50704,13215,8900,1151,6688,80,11,1,1,7344,753,1533,4789,3040,816,1074,1308
116214,0,0,0,0,0,0,0,0,0,0,0,0,0,0,0,0,0
116265,163404,37720,12517,11905,11368,3304,110,81,54,8302,2455,6399,33625,13109,7355,7123,7977
117616,36287,18194,4603,649,1596,37,8,38,2,2286,329,933,1894,1493,510,3272,443
119550,109504,25342,14320,5308,8237,39,31,97,6,8555,9466,5560,7580,3605,4138,692,16528
120720,36359,21757,4272,10,79,0,1,0,0,3033,510,49,1670,2055,6,2689,228
122636,0,0,0,0,0,0,0,0,0,0,0,0,0,0,0,0,0
123471,66477,24617,8766,6726,687,1,59,45,1,6115,4325,3613,5666,2898,986,986,986
771958,0,0,0,0,0,0,0,0,0,0,0,0,0,0,0,0,0
125014,105923,24158,10317,6458,9039,2037,61,140,180,8835,6335,4248,6475,5858,5246,4395,12141
125447,0,0,0,0,0,0,0,0,0,0,0,0,0,0,0,0,0
127382,25857,10230,6403,11,1623,0,1,5,0,3198,342,242,467,700,324,1834,477
127391,0,0,0,0,0,0,0,0,0,0,0,0,0,0,0,0,0
128268,313447,86221,29838,10018,26036,774,63,171,14,27072,18102,10239,19453,13486,9336,23762,38862
128345,131028,73227,4360,1925,240,183,6,3,0,8240,349,1766,3916,8890,722,26502,699
130065,0,0,0,0,0,0,0,0,0,0,0,0,0,0,0,0,0
80410,102798,22412,13794,1236,12449,74,24,53,38,10988,4999,2624,6193,4644,3749,7002,12519
81544,34042,7401,5578,1368,5160,171,19,57,55,2528,951,1629,1454,1637,2173,1694,2167
82757,115899,33172,12491,3642,10399,210,39,112,109,7583,7170,3939,4981,5379,4494,7604,14575
84513,10913,218,0,7,4,2057,1,0,325,1,0,0,1,1337,0,6961,1
85250,26127,4624,3400,2018,3479,20,7,25,2,2636,2123,1552,914,1012,941,472,2902
85852,74640,20589,11888,4210,7488,1,22,16,8,4225,544,1840,7756,6174,2913,4491,2475
86894,0,0,0,0,0,0,0,0,0,0,0,0,0,0,0,0,0
89840,42329,7199,4275,4586,4051,353,52,55,178,1919,1261,2344,3558,2988,2906,2037,4567
89881,6876,1293,2,0,1,248,0,0,122,2,6,11,32,2574,4,2580,1
91289,177190,40640,20230,6315,17192,21,39,171,38,17188,11878,6505,7565,6564,6651,9155,27038
91910,33851,8454,2987,127,690,898,1,3,248,903,100,69,1319,4687,409,12431,525
91912,72268,26793,8136,2119,4932,766,8,25,9,4313,2251,2112,3228,5156,2506,6327,3587
93015,20149,8609,4847,17,463,0,0,9,2,3622,697,533,303,294,154,296,303
93020,2990,419,1,2,6,35,0,0,101,4,6,0,136,893,20,1268,99
93023,70024,12616,7735,4391,6852,11,35,104,15,7179,7173,3734,4859,1990,3653,448,9229
94503,214170,51527,21976,10983,17855,2758,171,232,1434,16007,8524,5826,14716,13497,10282,18007,20375
94693,22268,6924,2673,662,2904,78,4,5,8,1149,190,371,2054,1656,2165,706,719
98512,87803,33768,17014,2418,2838,72,111,154,5,4965,2622,1998,3982,2552,1912,8278,5114
98933,8770,1577,345,24,82,3264,0,1,60,60,36,20,123,506,42,2442,188
104764,32428,11976,1350,1,577,2,0,0,84,716,122,85,647,3406,147,13056,259
105071,21848,7486,281,0,0,0,0,0,79,2,0,0,17,1087,0,12895,1
137388,10068,1522,96,359,407,677,41,47,193,36,4,163,2762,2056,347,1330,28
106361,349,64,3,16,9,0,1,0,0,67,8,5,47,30,25,7,67
107658,31138,13187,781,140,1358,252,15,43,145,558,212,165,943,3512,400,8481,946
112745,72071,15287,8042,5046,5584,131,10,57,37,4856,5573,3500,5482,3993,4057,2221,8195
115156,112437,31880,15983,2459,10028,80,4,19,1,12095,3049,2386,7786,3167,3020,11403,9077
115998,20184,7354,2337,6,1817,210,0,4,9,935,90,149,1528,1979,331,2928,507
197174,58987,26367,48,425,69,0,0,1,1,87,88,194,827,6963,102,23612,203
121940,0,0,0,0,0,0,0,0,0,0,0,0,0,0,0,0,0
123521,0,0,0,0,0,0,0,0,0,0,0,0,0,0,0,0,0
123683,121149,53708,10044,4015,3933,939,125,137,164,5714,2167,1358,7801,9471,1800,15932,3841
124346,0,0,0,0,0,0,0,0,0,0,0,0,0,0,0,0,0
126846,26455,6585,2371,264,2507,77,13,0,82,1179,92,188,2613,3429,1686,2805,2564
126933,147,12,0,4,0,0,0,0,2,1,0,0,68,33,11,16,0
141819,735,18,158,1,145,0,0,4,0,92,48,47,29,15,21,3,154
129968,21084,5662,1328,274,606,265,2,0,25,1830,467,245,1900,2412,728,3361,1979
130584,2503,90,28,110,30,12,24,0,78,36,57,79,475,835,123,445,81
79345,587,173,76,6,22,0,0,0,0,80,3,7,67,73,5,51,24
79349,365,137,7,0,0,2,0,0,0,11,0,2,13,58,1,113,21
79816,0,0,0,0,0,0,0,0,0,0,0,0,0,0,0,0,0
82285,55063,22328,6160,1247,3492,957,239,61,237,1818,290,467,4161,7331,1752,3214,1309
82288,110890,35042,9492,977,3350,65,433,238,43,6869,1143,3844,9409,19267,1899,14350,4469
83912,199673,59012,22494,8413,15188,393,27,113,44,16811,11163,8379,8871,8266,8682,11575,20242
84524,40594,7676,3969,4736,2032,231,43,67,0,1637,1322,3805,5341,3201,1226,2326,2982
85418,134727,66641,8163,327,7635,661,0,1,1,8309,644,2781,11815,9748,1750,10980,5271
87501,131666,48386,8804,4488,10101,9,46,26,53,5783,701,2640,20342,14473,3174,5187,7453
89455,371,160,18,0,8,1,0,0,0,23,3,0,24,50,1,36,47
91715,25521,4035,7,56,22,3550,14,0,976,13,9,21,1841,4487,119,10297,74
92854,17974,2738,1688,1256,2420,5,9,3,0,739,612,1598,1736,1582,1863,61,1664
93699,7616,937,173,541,975,940,2,6,6,50,38,374,1013,645,1008,105,803
94164,139599,45408,9929,12377,12600,340,70,40,4,6765,2354,4513,16166,10328,9058,569,9078
96667,44225,5153,878,5625,5958,0,94,38,1,76,154,1369,15406,3350,2463,54,3606
98651,93680,22062,9246,6682,9818,430,39,62,56,8149,4907,3993,7531,4569,4734,3625,7777
98887,89472,21917,11365,4989,8662,33,6,5,0,6759,1720,1797,20324,2580,3393,1200,4722
99798,61750,29271,5726,2,681,0,0,0,35,2706,22,29,3771,5059,87,13662,699
100104,70565,12330,7322,4371,6552,1219,71,121,410,4813,3634,2378,4991,3813,4012,6831,7697
100132,12533,2118,81,283,404,405,43,24,534,57,28,21,1416,2119,337,4565,98
100956,102383,51891,8833,29,3621,219,5,4,7,4076,1213,545,3206,6961,437,17508,3828
102017,9012,3794,1201,109,146,1,0,0,0,465,11,17,78,643,58,2339,150
102235,60544,32732,7848,6,772,176,0,3,0,4074,548,460,1039,2634,203,9267,782
102797,98599,36247,8345,376,8619,0,395,185,28,3896,1449,2071,4299,9537,3409,10953,8790
103301,13651,6706,1239,26,302,170,3,1,0,709,77,57,615,1412,57,1876,401
105214,41822,19513,4624,1041,2524,20,3,0,0,2853,51,561,3326,4072,1160,1463,611
105989,44601,28165,1875,8,181,43,1,0,0,1074,17,27,842,2533,12,9790,33
106546,28015,5904,6982,271,4609,161,2,0,33,3680,281,151,1998,698,1213,593,1439
106754,20356,6189,554,783,527,243,3,8,14,707,693,720,1391,4439,696,2043,1346
109019,13760,3607,954,1810,2117,12,22,17,0,334,87,455,1576,695,1342,295,437
109104,10270,3787,1268,344,236,4,0,5,0,773,789,392,1243,606,264,174,385
109297,20404,7680,1674,869,1102,2,2,9,1,1250,638,707,1352,2141,632,923,1422
115076,26673,3777,791,2227,1505,1216,16,25,3,597,283,1785,4953,5143,1386,2072,894
115994,2887,547,0,0,0,0,0,0,0,0,0,0,197,2143,0,0,0
116407,21580,12205,247,2,1017,0,0,0,0,15,3,12,2871,5153,35,7,13
116416,20614,3577,670,325,5618,0,5,3,0,126,50,356,5604,1255,1352,624,1049
116670,2867,70,221,191,148,0,1,4,0,46,20,16,73,47,409,1496,125
116762,12398,2115,943,585,1130,0,1,0,1,834,337,366,3039,989,932,81,1045
117530,40307,12462,8280,396,4412,5,3,4,0,3007,1125,525,1177,1762,1208,2262,3679
119419,84510,30819,6758,4866,8201,1557,53,70,5,2616,1176,2142,9908,4885,4582,2026,4846
120772,31036,12355,2047,481,2102,700,4,9,1,1751,785,988,2361,1710,370,3229,2143
121630,0,0,0,0,0,0,0,0,0,0,0,0,0,0,0,0,0
122630,31644,6877,451,123,410,17,10,14,35,785,1179,446,1104,16093,408,909,2783
122727,0,0,0,0,0,0,0,0,0,0,0,0,0,0,0,0,0
122837,11435,1016,0,0,0,208,0,0,144,0,0,0,1112,5936,0,3019,0
123481,0,0,0,0,0,0,0,0,0,0,0,0,0,0,0,0,0
128114,54737,2774,748,14494,4602,15,181,161,6,267,1007,4914,15474,2204,6777,110,1003
128938,65854,27889,7164,1423,5035,695,4,10,0,3786,1021,1130,3431,4220,1932,3651,4463
129305,116607,43873,19634,1125,6488,4,4,18,15,12852,4013,3066,5807,5902,2403,6605,4798
80591,130498,55497,17466,4064,6404,69,34,50,2,6205,3505,3259,12917,7114,3279,3818,6815
81480,0,0,0,0,0,0,0,0,0,0,0,0,0,0,0,0,0
85208,21348,3041,9,371,155,2053,17,14,624,0,15,57,2526,4365,765,7322,14
86087,33963,9670,2022,263,2458,246,21,48,283,1085,949,984,3463,4979,768,4674,2050
88538,0,0,0,0,0,0,0,0,0,0,0,0,0,0,0,0,0
89619,116470,43969,20743,6121,3767,18,2,21,1,7252,4703,3921,6179,4886,5311,6529,3047
89926,48175,27175,1292,7,1893,195,40,1,138,1249,47,99,1784,5470,133,8284,368
91430,128638,25221,14273,6632,13809,277,65,154,150,10370,10516,5199,6570,5412,6072,6466,17452
96208,56503,27375,6392,1489,959,67,2,10,0,4375,2374,1948,2860,2912,910,2462,2368
96447,77185,28163,5181,499,3579,163,9,62,46,5462,2011,766,1946,3420,993,10965,13920
99224,9216,9,0,0,3,795,0,0,672,3,1,4,15,2969,1,4738,6
134832,0,0,0,0,0,0,0,0,0,0,0,0,0,0,0,0,0
106595,117314,50500,21797,20,3571,6,1,2,0,12946,932,209,1856,6158,155,14291,4870
108138,16533,2982,1433,590,2320,629,2,1,155,440,18,126,1341,1947,1424,2855,270
112739,48878,13451,6949,3999,4352,83,5,13,5,2818,1845,2545,4723,1766,2684,521,3119
112741,32363,8420,3093,2377,3475,76,2,16,10,2425,2472,1153,1159,1855,1609,1626,2595
114160,25042,8350,3988,140,1175,68,0,9,2,2492,1425,505,520,928,284,3525,1631
115215,39777,7429,3584,356,4735,314,13,5,43,3395,1121,480,5018,4442,2457,1981,4404
115655,65953,16663,11652,3647,6187,28,12,13,0,6915,2472,3019,6022,2201,3022,18,4082
115993,21035,9497,4042,1,1261,0,0,0,0,1962,69,63,409,880,6,1752,1093
122744,13714,7534,714,153,630,0,3,11,0,681,753,310,283,504,319,1162,657
123156,0,0,0,0,0,0,0,0,0,0,0,0,0,0,0,0,0
637896,0,0,0,0,0,0,0,0,0,0,0,0,0,0,0,0,0
124262,0,0,0,0,0,0,0,0,0,0,0,0,0,0,0,0,0
129003,38262,13182,4727,3071,2873,140,3,5,2,1879,1191,1175,1804,1794,1989,1489,2938
86634,111004,28933,11958,6366,8624,920,85,190,201,7521,4537,5378,6108,6838,6555,8476,8314
96046,65969,14255,10937,1833,3545,30,35,112,22,6331,6789,2768,1635,1955,3113,3629,8980
97141,115037,32578,8423,964,12461,568,80,112,190,5098,2654,1036,5255,11566,2841,22668,8543
98681,15391,6268,764,942,2077,164,3,10,38,320,63,344,698,1030,1108,1298,264
99582,116250,47361,13159,295,7973,5,6,125,6,8631,2497,1132,3460,8939,1460,16397,4804
106499,141334,33650,21587,4358,9689,449,36,134,80,12787,10844,5354,8236,5297,5463,3721,19649
111406,6515,353,5,25,378,1600,1,0,140,2,0,0,1357,1030,221,1393,10
111876,21247,5283,834,887,1277,274,1,6,46,1459,593,399,2587,2426,1081,913,3181
114332,124725,44157,15874,3127,9221,93,30,87,22,8743,4218,4348,5334,4069,4692,11490,9220
119569,16610,4405,1143,562,911,460,28,42,160,102,13,185,1232,2004,1098,4008,257
128255,18389,870,1,1,10,1397,2,0,739,5,5,2,23,7765,10,7544,15
128634,0,0,0,0,0,0,0,0,0,0,0,0,0,0,0,0,0
79766,31216,9589,3610,177,3202,9,0,0,6,1352,427,156,4190,3101,988,1790,2619
80334,20781,4439,1409,695,1111,4,40,33,8,2052,1611,861,1018,1215,984,1070,4231
80824,25685,7404,636,86,1062,1275,9,2,104,696,427,139,1185,2946,703,4927,4084
81656,44814,13069,7114,1829,4985,2,4,12,0,4982,2881,2319,741,574,3735,174,2393
626615,2155,21,0,0,0,22,0,0,139,0,0,0,2,501,0,1470,0
82321,0,0,0,0,0,0,0,0,0,0,0,0,0,0,0,0,0
82637,78882,21951,14222,2371,4871,6,7,5,0,12526,4691,3492,4366,3248,1587,10,5529
83499,27234,5127,3784,72,3389,5,2,13,0,4514,2025,1055,563,712,667,274,5032
761965,31515,7998,6474,733,4980,34,2,14,1,2608,1349,1268,755,766,1397,876,2260
86289,37378,3561,6750,172,4135,186,30,52,1,4541,2184,1124,3572,3287,1059,2911,3813
86490,113335,55541,14403,538,4472,29,5,40,3,5242,1325,1136,6904,7760,849,12436,2652
88510,182630,59943,29152,1364,13551,899,26,44,178,16738,2968,2228,13200,12623,2481,17290,9945
90234,15800,2683,427,384,626,12,1,0,79,527,282,316,1314,3186,744,3320,1899
91356,0,0,0,0,0,0,0,0,0,0,0,0,0,0,0,0,0
93487,0,0,0,0,0,0,0,0,0,0,0,0,0,0,0,0,0
95048,107,34,0,0,1,10,0,0,0,3,0,0,16,20,0,18,5
96025,4567,2,0,784,3,207,102,94,396,12,107,216,345,1025,247,1017,10
100085,11709,2664,331,927,454,785,4,22,3,59,41,584,319,1628,1769,1671,448
100144,48953,14886,4053,742,3610,657,15,44,393,1701,405,1057,2078,6397,1783,5944,5188
100310,165730,35570,22211,6084,14962,22,22,96,0,20831,13141,6628,10829,4224,6359,512,24239
102974,55606,12391,2795,2310,2639,985,59,139,575,2860,2911,1395,2339,5909,2560,7762,7977
103162,14264,1544,1907,1463,2369,0,0,3,0,1144,314,900,778,1122,1705,30,985
103817,8198,1786,208,3,162,254,1,0,3,582,51,70,28,373,15,4323,339
104516,88606,33681,14202,771,6221,2,4,59,1,10662,4467,2147,1669,2365,1441,5304,5610
105621,17822,3674,590,143,356,47,13,33,200,1171,735,210,211,2844,219,4804,2572
106213,59495,23887,4441,5573,1915,4,17,9,30,3337,417,1407,5720,4311,2966,5179,282
107992,17477,3454,957,800,1413,218,1,1,5,1106,796,558,1397,1748,1383,1328,2312
109881,11299,6984,115,284,678,86,16,32,18,485,342,321,175,391,209,788,375
113221,63912,15590,9871,1573,3747,12,5,24,0,7383,4679,3578,1908,3097,3534,4027,4884
113469,0,0,0,0,0,0,0,0,0,0,0,0,0,0,0,0,0
113596,56947,20810,6529,73,4247,5,4,18,2,5283,3255,1299,3833,3058,1029,4817,2685
113842,35796,3868,667,4737,3933,1610,150,211,882,155,591,1359,5076,3181,4075,3138,2163
113904,187888,44827,20807,9116,17067,356,47,158,77,14645,11046,7844,13037,7541,8959,9255,23106
114024,4491,1194,21,5,85,27,1,0,24,328,27,22,483,886,27,1068,293
115110,30300,9025,814,810,725,44,27,17,90,1463,1104,622,962,2963,837,8571,2226
116936,26630,6226,5805,170,3514,1,0,1,0,4628,1343,524,371,571,707,79,2690
120700,12998,1509,59,547,184,178,35,58,137,13,9,205,965,3617,393,4891,198
121065,33637,18560,1360,29,2834,0,2,10,2,1246,442,358,783,2075,1337,3637,962
122810,13201,2097,4,19,680,844,23,0,138,4,0,0,2782,5105,12,1480,13
125295,73210,25444,14218,2318,6255,1,7,8,3,4746,793,1662,6581,4703,1700,2275,2496
125469,9796,3533,392,862,316,46,1,9,1,452,615,610,551,759,524,484,641
125816,24510,6528,1186,2344,1112,361,7,8,3,1275,725,1283,1262,1285,680,2293,4158
126573,1,0,0,0,0,0,0,0,0,0,0,0,0,0,1,0,0
198461,78420,27921,11498,320,2450,70,0,6,1,8991,3127,1421,4511,4166,903,5130,7905
126859,45332,9314,6405,1391,4362,16,5,26,0,4717,6026,2218,2349,1182,1422,940,4959
128476,50180,16420,5240,3171,4759,109,20,78,10,2676,1322,1923,3917,3225,2566,1373,3371
128543,8156,2032,966,204,1002,50,1,1,25,430,78,137,432,777,646,683,692
129468,19487,3322,574,1315,879,181,22,22,112,785,818,1013,1996,2868,1094,2848,1638
82753,12843,2158,77,59,41,871,6,3,454,7,13,8,313,2772,190,5772,99
83502,45652,7195,3488,1872,3808,237,17,59,7,3424,3640,1728,3928,2726,2524,3395,7604
87712,41147,4040,3032,1631,7001,480,4,3,65,3526,1415,1148,623,2806,3436,5476,6461
91169,54569,10150,5972,743,3054,481,29,18,126,5366,1037,498,5181,6831,2297,10196,2590
93134,29200,10319,3407,317,5188,46,2,1,6,764,36,131,1226,1304,1772,528,4153
93923,11626,1060,103,193,231,130,0,0,80,22,53,55,3909,2640,326,2653,171
192077,4874,298,38,37,64,7,12,2,67,141,127,41,303,2712,132,581,312
97556,32447,6205,2893,1819,2537,125,4,8,3,3743,2677,1497,2383,2171,2047,375,3960
99549,1611,611,149,4,21,24,1,0,29,56,6,4,5,265,13,409,14
107284,30958,6916,3804,1128,3015,52,13,40,13,2986,2355,641,1175,1088,1415,1160,5157
111886,0,0,0,0,0,0,0,0,0,0,0,0,0,0,0,0,0
113906,67293,22409,10506,50,2911,3,3,23,3,8144,1169,905,1465,3614,439,13069,2580
116824,0,0,0,0,0,0,0,0,0,0,0,0,0,0,0,0,0
122243,9900,3932,990,37,1829,285,2,4,74,80,12,117,438,599,843,472,186
122246,0,0,0,0,0,0,0,0,0,0,0,0,0,0,0,0,0
127230,36522,14490,2605,1116,3566,1148,39,47,211,1173,391,362,2075,2919,1539,3380,1461
129906,54519,11003,6451,2956,5698,51,1,23,0,5830,3092,3951,2817,922,2603,3606,5515
130000,0,0,0,0,0,0,0,0,0,0,0,0,0,0,0,0,0
86400,6309,576,749,235,213,3,7,47,5,412,1045,662,628,607,561,93,466
86763,0,0,0,0,0,0,0,0,0,0,0,0,0,0,0,0,0
87442,6100,1682,371,7,171,126,0,0,8,794,2,5,505,754,293,1251,131
87560,0,0,0,0,0,0,0,0,0,0,0,0,0,0,0,0,0
88012,0,0,0,0,0,0,0,0,0,0,0,0,0,0,0,0,0
88489,34359,18199,3108,1338,970,168,0,2,0,948,140,588,3434,3356,559,1110,439
190679,108433,24570,10760,4755,9515,441,32,108,299,9784,4490,3443,6647,7339,4453,8490,13307
145572,0,0,0,0,0,0,0,0,0,0,0,0,0,0,0,0,0
97962,45665,10874,5806,1696,4253,56,3,38,4,3416,3665,1638,1699,2755,1368,2664,5730
99223,0,0,0,0,0,0,0,0,0,0,0,0,0,0,0,0,0
105607,17855,7461,2825,35,974,15,1,8,0,1096,221,139,368,1577,418,2133,584
112550,49268,8169,5223,829,5333,10,2,25,1,6288,4035,1278,2310,1700,1073,3486,9506
113418,40068,6845,1074,437,2532,1078,12,0,46,1033,309,186,11178,7312,1878,3193,2955
119818,23980,6340,1045,2939,1665,84,22,35,0,1230,2192,1700,1313,1014,1567,144,2690
123378,0,0,0,0,0,0,0,0,0,0,0,0,0,0,0,0,0
123705,10205,1200,306,107,945,373,6,17,58,150,88,101,533,2764,425,2860,272
127029,75799,30177,10701,158,5589,7,4,39,4,6502,2485,1816,2196,3524,1387,6047,5163
127418,0,0,0,0,0,0,0,0,0,0,0,0,0,0,0,0,0
128491,0,0,0,0,0,0,0,0,0,0,0,0,0,0,0,0,0
128801,100292,34611,9284,3177,8859,408,29,66,73,4316,3231,2687,6630,7556,3489,7809,8067
129506,67097,19823,8435,2293,6929,163,3,19,5,5850,2883,4183,2550,5012,2021,3198,3730
79890,4261,903,260,159,219,0,2,0,0,287,217,189,388,402,277,488,470
189406,77750,13153,8211,1960,7325,245,20,75,7,9180,6506,2918,4549,3539,3213,3902,12947
83501,0,0,0,0,0,0,0,0,0,0,0,0,0,0,0,0,0
83653,65403,24003,4074,1099,4511,203,26,70,13,4140,3791,2392,3377,4840,2419,6844,3601
85820,17166,648,287,3996,417,249,355,381,409,553,818,1566,1119,2493,1066,1334,1475
93141,0,0,0,0,0,0,0,0,0,0,0,0,0,0,0,0,0
93840,7225,1884,440,71,458,125,13,38,0,580,479,131,81,391,561,1414,559
94716,24896,15927,2997,5,703,0,0,1,1,1683,113,44,433,1296,74,691,928
95774,2904,109,25,57,21,832,2,0,193,23,19,15,115,610,38,799,46
95965,1517,140,2,2,4,11,0,0,16,17,1,1,729,447,1,138,8
104537,2248,290,3,0,0,193,0,0,43,9,0,0,1,619,0,1089,1
104855,24052,5607,1236,287,2089,139,12,22,56,2189,1185,250,705,2344,517,4998,2416
107473,0,0,0,0,0,0,0,0,0,0,0,0,0,0,0,0,0
111392,0,0,0,0,0,0,0,0,0,0,0,0,0,0,0,0,0
117156,5206,282,19,152,622,230,12,1,101,6,11,42,633,525,770,1544,256
123863,39648,8735,3074,3058,2762,328,18,114,79,2941,4346,2240,1156,1866,2432,1343,5156
124169,0,0,0,0,0,0,0,0,0,0,0,0,0,0,0,0,0
124701,18155,6209,1725,464,639,236,165,63,221,452,269,318,1333,2947,562,2182,370
127470,15559,4033,952,319,670,598,41,78,298,296,142,225,864,2200,321,4234,288
127498,9109,1369,557,937,727,961,19,26,33,2,56,154,1259,519,846,1489,155
128602,18123,9300,1084,3,494,1,1,0,0,895,308,89,518,1227,315,3148,740
128627,2513,913,339,17,193,0,1,3,1,172,38,12,35,138,32,449,170
129034,4614,2546,207,2,68,218,0,0,3,106,22,7,34,316,4,784,297
129723,12653,6385,787,311,372,0,1,15,1,636,805,173,553,1243,320,708,343
90954,19212,6874,487,6,1236,349,7,0,94,372,43,29,319,2535,494,5903,464
191251,274611,98058,24449,7220,15206,1233,75,160,1083,14743,8499,4985,11027,22194,7767,42692,15220
95671,55694,15024,6944,2075,6115,97,7,6,51,4149,1892,1142,5069,3636,2336,2472,4679
101144,12359,2815,526,12,926,392,4,0,175,442,14,8,568,2162,344,3661,310
101221,29472,2447,2112,4672,2542,221,33,71,75,1534,2762,2859,2255,1487,2434,2022,1946
101402,0,0,0,0,0,0,0,0,0,0,0,0,0,0,0,0,0
945856,40038,9967,5064,273,3012,29,15,28,48,4598,2094,852,1654,1731,752,5581,4340
104506,19238,2590,3605,96,2690,26,3,5,20,2303,667,405,1334,1694,642,1321,1837
107106,9670,1034,765,359,1480,414,6,2,92,639,32,96,751,907,767,1306,1020
107117,139787,33449,18058,5215,14632,188,29,31,43,12546,6158,3212,12924,6267,7716,6192,13127
107282,41060,13854,5966,3124,2291,6,10,22,0,2615,1323,1971,2978,2336,2394,347,1823
107440,32898,4546,2843,501,2173,17,7,49,3,5432,6672,2329,825,1067,725,213,5496
108645,12370,2220,768,1530,858,538,2,6,280,473,44,329,631,1500,556,2401,234
110801,48751,24563,5480,6,1789,301,38,5,20,2882,486,104,1699,6156,526,2283,2413
138626,2999,786,315,142,28,0,0,2,1,169,30,40,179,517,34,549,207
112748,0,0,0,0,0,0,0,0,0,0,0,0,0,0,0,0,0
112808,30751,12933,2274,56,1473,114,7,24,61,1078,351,260,796,3636,495,6406,787
115620,6947,2937,466,110,302,60,0,2,0,698,88,68,194,474,285,851,412
116053,16493,3173,706,394,866,0,2,0,10,1208,899,563,2104,2108,887,1213,2360
116392,56587,8248,4210,3634,6393,151,40,109,42,4156,3407,2958,5750,3017,4166,4138,6168
117123,3089,1077,138,0,77,17,0,0,3,3,0,0,0,357,0,1416,1
118993,84266,24361,12907,148,4761,4,1,49,56,12490,6016,754,1188,2194,1564,7698,10075
121316,13308,896,2,41,10,300,5,0,486,10,5,7,221,4541,37,6727,20
122140,8952,3325,470,94,940,225,0,0,3,74,6,41,1092,824,1302,320,236
197624,70831,22819,7959,1511,5134,199,5,13,95,5915,1380,561,6282,5700,1969,5416,5873
124499,20067,5478,1428,3771,1461,42,12,22,28,763,403,919,2150,881,1484,415,810
124719,11437,1080,111,70,435,33,4,0,6,6,1,22,6685,2507,272,132,73
127387,1819,315,43,276,166,142,5,19,3,52,98,110,43,92,247,111,97
788839,0,0,0,0,0,0,0,0,0,0,0,0,0,0,0,0,0
128808,40275,16081,5519,774,1875,11,1,15,2,3444,1914,1532,1373,2286,1392,1985,2071
80278,9581,1305,12,0,16,188,0,0,106,1,0,0,40,3011,1,4883,18
80978,24072,7989,1061,0,1014,2,0,2,11,938,176,145,508,2971,385,7744,1126
86512,159018,77628,20354,123,6484,33,5,16,44,8225,1099,821,4749,8731,889,25174,4643
86817,5364,760,25,4,71,2,0,0,3,51,29,25,697,1829,44,1696,128
87652,31192,14285,3201,227,961,0,1,1,0,1763,382,360,2275,2932,484,3635,685
89155,3123,20,0,0,2,2927,0,0,81,0,0,0,8,81,0,3,1
89330,24141,7305,23,26,34,0,0,0,5,24,23,36,297,4312,16,11962,78
90319,1430,69,0,0,0,0,0,0,11,0,0,0,0,182,0,1168,0
97511,27455,3815,4366,304,2462,408,7,7,193,3315,885,577,1206,3284,608,4230,1788
98718,16602,4090,1152,93,1895,0,6,0,0,1066,48,97,1484,3065,256,2495,855
100338,42013,16385,4965,1,2001,10,0,0,5,2014,139,104,2855,3442,180,8162,1750
102842,94243,39305,11971,16,5809,8,3,7,5,4799,968,587,4269,5525,446,15228,5297
103648,14922,6492,1924,0,1283,13,0,0,0,1891,93,0,329,434,180,1722,561
104397,199488,78138,9149,92,4054,1186,1,1,0,3561,1197,455,8933,16008,449,73456,2808
105162,14796,3370,1577,206,1077,212,3,15,56,1188,577,330,380,2032,313,2762,698
105211,21898,4841,1121,519,1125,190,7,23,25,669,862,435,1620,1839,459,6015,2148
106664,31997,8027,1,0,0,212,0,0,244,3,0,0,557,7555,0,15396,2
106677,10540,2661,2,1,0,411,0,0,319,1,0,0,442,2369,2,4330,2
706505,10821,1778,2042,8,1086,18,1,1,39,1654,191,81,529,1221,72,1429,671
109838,23111,4574,884,0,5,412,0,0,135,449,68,0,758,3341,1,12482,2
110139,32194,16351,2577,8,572,6,0,4,4,2298,476,192,414,1566,145,6709,872
138212,23257,5765,3834,244,3529,2,55,126,9,2873,963,583,983,952,500,866,1973
114539,18935,8312,1435,0,1657,0,0,4,0,1566,322,301,1018,1263,99,2165,793
611455,13325,2747,0,0,0,144,0,0,16,0,0,0,292,3690,0,6436,0
118474,6563,2313,318,8,627,2,1,2,0,686,359,97,124,616,44,1120,246
121334,61574,24234,9151,8,4223,3,1,3,4,4786,1202,467,4437,5491,522,4105,2937
122254,0,0,0,0,0,0,0,0,0,0,0,0,0,0,0,0,0
123037,31715,1249,9069,1,4950,0,0,0,0,2848,321,76,3689,5575,423,268,3246
125981,129765,56908,11639,8,4630,502,1,0,152,4790,610,289,4353,10571,509,30190,4613
126008,48300,19137,4900,0,2162,0,1,0,7,2085,206,206,1713,2391,291,13558,1643
127337,17236,4972,4563,967,1152,1,1,4,1,2346,402,308,525,531,440,306,717
198850,74874,22234,8462,3413,6687,600,24,91,155,4253,1674,2167,4782,7636,2953,5381,4362
89454,443,76,12,17,24,0,0,0,1,13,8,14,33,79,30,39,97
134387,0,0,0,0,0,0,0,0,0,0,0,0,0,0,0,0,0
192551,384118,170605,39359,3589,11686,974,161,314,38,12392,4285,4001,14234,24163,3174,82772,12371
99061,0,0,0,0,0,0,0,0,0,0,0,0,0,0,0,0,0
103494,2431,201,69,42,73,0,0,0,0,122,64,51,119,897,70,437,286
105232,7374,1613,677,159,878,25,8,4,2,537,118,133,943,1029,479,404,365
105615,6035,546,41,1892,50,40,20,29,53,125,858,442,627,378,556,235,143
107141,181,47,2,1,3,1,0,0,1,15,1,0,7,58,3,13,29
1015184,57,2,0,2,1,0,0,0,0,28,0,0,1,4,0,0,19
107154,0,0,0,0,0,0,0,0,0,0,0,0,0,0,0,0,0
197402,249135,129199,6199,390,5628,1073,24,61,31,3284,1722,1340,6432,24312,2268,62201,4971
126449,167,40,6,3,6,0,0,0,1,59,4,1,9,16,0,6,16
87849,110829,26734,12202,4204,8913,476,26,109,62,10381,8841,4093,4459,5829,4300,7201,12999
89180,50643,19403,5257,161,3062,6,8,44,7,3802,1029,601,2600,2518,603,9334,2208
90470,6102,314,154,2049,662,1,15,17,2,42,27,261,1046,177,1183,17,135
93680,30479,11512,3953,326,2209,71,1,2,4,2561,549,584,1055,3074,433,3425,720
97513,9450,2279,257,0,397,20,0,0,6,244,2,9,352,1192,18,4608,66
104144,46054,10065,3262,4810,4775,471,42,54,88,1757,2074,2500,4550,2418,3118,2304,3766
105410,17976,6854,1199,7,1066,7,0,0,2,768,156,235,741,3323,263,2963,392
106634,6359,663,127,1170,388,590,7,6,36,11,2,92,1437,786,696,342,6
106766,3721,219,32,19,324,607,2,0,53,24,7,7,240,826,142,1198,21
115407,10875,4619,818,2,1087,22,0,4,0,997,304,128,249,696,356,1186,407
126822,1898,99,0,0,0,214,0,0,93,0,0,0,39,578,5,870,0
126865,7051,884,241,237,764,159,25,27,98,80,56,283,451,1404,271,1052,1019
128782,2468,315,327,7,577,11,0,0,2,271,10,4,167,224,179,233,141
129147,77896,23688,14631,2759,3813,123,17,49,2,8227,5124,2426,1593,3632,2124,5446,4242
129226,0,0,0,0,0,0,0,0,0,0,0,0,0,0,0,0,0
79319,110494,65593,9672,678,184,360,2,0,0,9462,30,479,3068,5639,176,15034,117
85904,31801,7846,3850,3370,2565,0,3,7,0,1694,1340,2419,1337,627,917,588,5238
87540,69588,34783,11524,204,2176,0,1,12,0,4542,1554,1746,4311,4660,852,1585,1638
87892,10129,5128,938,58,294,89,0,1,0,1063,452,424,28,635,264,325,430
90178,6494,1274,18,1783,13,0,5,2,0,1,2,409,1796,470,718,3,0
96136,59075,31076,3225,656,786,36,3,23,2,4005,4340,1639,1696,2418,421,6465,2284
97325,6088,3317,36,3,5,0,0,0,0,5,1,1,821,1339,6,548,6
98717,128876,46284,21645,3972,7384,0,9,16,0,14130,5646,3840,8618,5324,2810,1531,7667
105042,49162,9032,459,24,20,0,0,0,0,912,44,50,185,393,21,37952,70
106818,69432,28447,8095,3702,5981,91,32,51,2,3270,1232,2171,6808,3371,2359,1209,2611
108718,112793,32045,15455,5595,9865,0,13,16,1,7037,838,2448,18938,5248,3160,6773,5361
109001,4107,1035,76,1334,0,0,0,0,0,0,0,290,14,268,1090,0,0
114664,0,0,0,0,0,0,0,0,0,0,0,0,0,0,0,0,0
115470,131975,59385,16296,5319,7129,39,38,34,1,4568,877,2546,16362,7696,3010,4768,3907
119149,84249,48171,6974,142,361,36,0,4,0,7601,1911,519,3035,4694,181,9411,1209
124306,0,0,0,0,0,0,0,0,0,0,0,0,0,0,0,0,0
128042,61983,21850,5194,227,1165,40,3,54,2,5087,5681,1410,1044,2077,385,11375,6389
128298,8754,588,196,698,580,86,14,68,72,950,1883,359,146,516,292,628,1678
129529,11718,5629,1122,199,794,21,4,18,0,738,232,271,707,750,240,530,463
129639,28700,15899,3686,822,181,6,1,0,0,1016,89,194,3515,2568,55,573,95
82952,70451,20495,4972,1447,3375,5,36,66,3,6984,9428,3865,3736,2925,2202,3295,7617
88905,112246,25220,18977,1281,9643,155,6,9,0,21388,6906,3356,3961,3637,1691,1000,15016
108522,27021,9432,3461,2,1747,54,4,1,4,2475,125,90,812,1485,452,5889,988
116754,7273,18,0,13,596,0,1,1,0,5,4,5,5216,397,962,17,38
